-- phpMyAdmin SQL Dump
-- version 5.1.1
-- https://www.phpmyadmin.net/
--
-- Host: 127.0.0.1
-- Generation Time: Dec 24, 2021 at 10:27 AM
-- Server version: 10.4.21-MariaDB
-- PHP Version: 8.0.12

SET SQL_MODE = "NO_AUTO_VALUE_ON_ZERO";
START TRANSACTION;
SET time_zone = "+00:00";


/*!40101 SET @OLD_CHARACTER_SET_CLIENT=@@CHARACTER_SET_CLIENT */;
/*!40101 SET @OLD_CHARACTER_SET_RESULTS=@@CHARACTER_SET_RESULTS */;
/*!40101 SET @OLD_COLLATION_CONNECTION=@@COLLATION_CONNECTION */;
/*!40101 SET NAMES utf8mb4 */;

--
-- Database: `webapp`
--

-- --------------------------------------------------------

--
-- Table structure for table `classroom_t`
--

CREATE TABLE `classroom_t` (
  `room_id` varchar(11) NOT NULL,
  `roomcapacity` int(3) DEFAULT NULL
) ENGINE=InnoDB DEFAULT CHARSET=utf8mb4;

--
-- Dumping data for table `classroom_t`
--

INSERT INTO `classroom_t` (`room_id`, `roomcapacity`) VALUES
('A4204-S', 20),
('A4L04-S', 20),
('A4Lab-S', 20),
('A5106-S', 20),
('A5206-S', 39),
('A5BioL-S', 20),
('A6213-S', 25),
('BC2009-S', 50),
('BC2020-S', 50),
('BC2021-S', 50),
('BC2012-S', 50),
('BC2013-S', 50),
('BC2014-S', 50),
('BC2020-S', 50),
('BC2021-S', 50),
('BC2022-S', 50),
('BC2023-S', 50),
('BC3002-S', 50),
('BC3008-S', 50),
('BC3009-S', 50),
('BC3010-S', 50),
('BC3011-S', 50),
('BC3012-S', 50),
('BC4010-S', 25),
('BC4011-S', 25),
('BC4012-S', 25),
('BC4013-S', 25),
('BC4014-S', 25),
('BC5002-S', 50),
('BC5012-S', 50),
('BC5013-S', 50),
('BC5014-S', 50),
('BC6007-S', 50),
('BC6008-S', 50),
('BC6009-S', 50),
('BC6012-S', 50),
('BC6013-S', 50),
('BC7015-S', 50),
('BC7016-S', 50),
('BC7025-S', 50),
('BC7026-S', 50),
('BC9013-S', 50),
('BC9015-S', 25),
('BC9016-S', 25),
('BC9017-S', 50),
('BLab-S', 50),
('C10201-S', 30),
('C10206-S', 35),
('C10210-S', 40),
('C10320-S', 35),
('C10EL1-S', 20),
('C10ELab-S', 20),
('C11201-S', 30),
('C11202-S', 45),
('C11301-S', 30),
('C11302-S', 45),
('C11303-S', 15),
('C11401-S', 35),
('C11402-S', 45),
('C1301-S', 40),
('C1401L-S', 40),
('C3102-S', 20),
('C3201-S', 20),
('C3202-S', 15),
('C3308-S', 20),
('C4301-S', 20),
('C4306-S', 30),
('C4310-S', 8),
('C4406-S', 30),
('C4411-S', 45),
('C4502-S', 35),
('C4503-S', 19),
('C5101-S', 0),
('C8201-S', 65),
('C8205-S', 40),
('C8206-S', 35),
('C8303-S', 25),
('C8304L-S', 35),
('C8505-S', 40),
('C8506-S', 35),
('C8600-S', 65),
('C8601-S', 65),
('C8ELab-S', 25),
('C9201-S', 35),
('C9202-S', 40),
('C9301-S', 48),
('C9302-S', 60),
('C9401-S', 48),
('C9402-S', 60),
('C9403-S', 40),
('C9501-S', 48),
('C9502-S', 60),
('C9601-S', 48),
('C9602-S', 60),
('C9603-S', 63),
('CLab-S', 50),
('CSCLab1-S', 25),
('CSCLab2-S', 30),
('ECRLab-S', 35),
('EEELab-S', 35),
('ELab-S', 35),
('FT-S', 50),
('P.Lab-S', 20),
('PLab-S', 25),
('S.Proj-S', 50);

-- --------------------------------------------------------

--
-- Table structure for table `course_t`
--

CREATE TABLE `course_t` (
  `courseid` varchar(10) NOT NULL,
  `Credit` decimal(3,2) DEFAULT NULL,
  `school_title` varchar(5) DEFAULT NULL
) ENGINE=InnoDB DEFAULT CHARSET=utf8mb4;

--
-- Dumping data for table `course_t`
--

INSERT INTO `course_t` (`courseid`, `Credit`, `school_title`) VALUES
('AAT101', '3.00', 'SLASS'),
('ACN201', '3.00', 'SBE'),
('ACN202', '3.00', 'SBE'),
('ACN301', '3.00', 'SBE'),
('ACN305', '3.00', 'SBE'),
('ACN402', '3.00', 'SBE'),
('ACN403', '3.00', 'SBE'),
('ACN405', '3.00', 'SBE'),
('ACN406', '3.00', 'SBE'),
('ACN408', '3.00', 'SBE'),
('ACN441', '3.00', 'SBE'),
('ANT101', '3.00', 'SLASS'),
('ANT103', '3.00', 'SLASS'),
('ANT201', '3.00', 'SLASS'),
('ANT205', '3.00', 'SLASS'),
('ANT206', '3.00', 'SLASS'),
('ANT210', '3.00', 'SLASS'),
('ANT211', '3.00', 'SLASS'),
('ANT301', '3.00', 'SLASS'),
('ANT303', '3.00', 'SLASS'),
('ANT306', '3.00', 'SLASS'),
('ANT307', '3.00', 'SLASS'),
('ANT308', '3.00', 'SLASS'),
('ANT309', '3.00', 'SLASS'),
('ANT312', '3.00', 'SLASS'),
('ANT315', '3.00', 'SLASS'),
('ANT401', '3.00', 'SLASS'),
('ANT403', '3.00', 'SLASS'),
('ANT404', '3.00', 'SLASS'),
('ANT405', '3.00', 'SLASS'),
('ANT407', '3.00', 'SLASS'),
('ANT410', '3.00', 'SLASS'),
('ANT412', '3.00', 'SLASS'),
('ANT416', '3.00', 'SLASS'),
('BBA499', '9.99', 'SBE'),
('BBA499A', '6.00', 'SBE'),
('BIO101', '3.00', 'SELS'),
('BIO101L', '1.00', 'SELS'),
('BIO102', '3.00', 'SELS'),
('BIO102T', '1.00', 'SELS'),
('BLA101', '3.00', 'SLASS'),
('BNG201', '3.00', 'SLASS'),
('BPH101', '3.00', 'SLASS'),
('BUS201', '3.00', 'SBE'),
('BUS202', '3.00', 'SBE'),
('BUS315', '3.00', 'SBE'),
('BUS360', '3.00', 'SBE'),
('BUS485', '3.00', 'SBE'),
('CCR413', '3.00', 'SETS'),
('CEN210', '3.00', 'SETS'),
('CEN210L', '1.00', 'SETS'),
('CEN330', '3.00', 'SETS'),
('CEN412', '3.00', 'SETS'),
('CEN430', '3.00', 'SETS'),
('CEN430L', '1.00', 'SETS'),
('CHE101', '3.00', 'SELS'),
('CHE101L', '1.00', 'SELS'),
('CHE102', '3.00', 'SELS'),
('CHE102T', '1.00', 'SELS'),
('CIS101', '3.00', 'SETS'),
('CIS210', '3.00', 'SETS'),
('CIS442', '3.00', 'SETS'),
('CIS480', '3.00', 'SETS'),
('CIS499', '9.99', 'SETS'),
('CIS499A', '6.00', 'SETS'),
('CMN201', '3.00', 'SLASS'),
('CMN202', '3.00', 'SLASS'),
('CMN203', '3.00', 'SLASS'),
('CMN204', '3.00', 'SLASS'),
('CMN205', '3.00', 'SLASS'),
('CMN207', '3.00', 'SLASS'),
('CMN298', '3.00', 'SLASS'),
('CMN299', '3.00', 'SLASS'),
('CMN301', '3.00', 'SLASS'),
('CMN302', '3.00', 'SLASS'),
('CMN303', '3.00', 'SLASS'),
('CMN304', '3.00', 'SLASS'),
('CMN305', '3.00', 'SLASS'),
('CMN306', '3.00', 'SLASS'),
('CMN307', '3.00', 'SLASS'),
('CMN308', '3.00', 'SLASS'),
('CMN309', '3.00', 'SLASS'),
('CMN310', '3.00', 'SLASS'),
('CMN311', '3.00', 'SLASS'),
('CMN313', '3.00', 'SLASS'),
('CMN314', '3.00', 'SLASS'),
('CMN315', '3.00', 'SLASS'),
('CMN316', '3.00', 'SLASS'),
('CMN317', '3.00', 'SLASS'),
('CMN318', '3.00', 'SLASS'),
('CMN319', '3.00', 'SLASS'),
('CMN320', '3.00', 'SLASS'),
('CMN321', '3.00', 'SLASS'),
('CMN322', '3.00', 'SLASS'),
('CMN323', '3.00', 'SLASS'),
('CMN324', '3.00', 'SLASS'),
('CMN325', '3.00', 'SLASS'),
('CMN326', '3.00', 'SLASS'),
('CMN327', '3.00', 'SLASS'),
('CMN396', '3.00', 'SLASS'),
('CMN397', '3.00', 'SLASS'),
('CMN398', '3.00', 'SLASS'),
('CMN399', '3.00', 'SLASS'),
('CMN402', '3.00', 'SLASS'),
('CMN403', '3.00', 'SLASS'),
('CMN404', '3.00', 'SLASS'),
('CMN405', '3.00', 'SLASS'),
('CMN406', '3.00', 'SLASS'),
('CMN407', '3.00', 'SLASS'),
('CMN408', '3.00', 'SLASS'),
('CMN409', '3.00', 'SLASS'),
('CMN410', '3.00', 'SLASS'),
('CMN411', '3.00', 'SLASS'),
('CMN412', '3.00', 'SLASS'),
('CMN413', '3.00', 'SLASS'),
('CMN414', '3.00', 'SLASS'),
('CMN415', '3.00', 'SLASS'),
('CMN417', '3.00', 'SLASS'),
('CMN418', '3.00', 'SLASS'),
('CMN419', '3.00', 'SLASS'),
('CMN420', '3.00', 'SLASS'),
('CMN421', '3.00', 'SLASS'),
('CMN422', '3.00', 'SLASS'),
('CMN423', '3.00', 'SLASS'),
('CMN425', '3.00', 'SLASS'),
('CMN426', '3.00', 'SLASS'),
('CMN427', '3.00', 'SLASS'),
('CMN429', '3.00', 'SLASS'),
('CMN498', '3.00', 'SLASS'),
('CMN499', '6.00', 'SLASS'),
('CMN499A', '6.00', 'SLASS'),
('CNC501', '3.00', 'SETS'),
('CNC505', '3.00', 'SETS'),
('CNC507', '3.00', 'SETS'),
('CNC511', '3.00', 'SETS'),
('CNC606', '3.00', 'SETS'),
('CNC697', '2.00', 'SETS'),
('CSC101', '3.00', 'SETS'),
('CSC201', '3.00', 'SETS'),
('CSC203', '3.00', 'SETS'),
('CSC204', '3.00', 'SETS'),
('CSC204L', '1.00', 'SETS'),
('CSC205', '3.00', 'SETS'),
('CSC205L', '1.00', 'SETS'),
('CSC212', '3.00', 'SETS'),
('CSC212L', '1.00', 'SETS'),
('CSC301', '3.00', 'SETS'),
('CSC305', '3.00', 'SETS'),
('CSC305L', '1.00', 'SETS'),
('CSC306', '3.00', 'SETS'),
('CSC306L', '1.00', 'SETS'),
('CSC311', '3.00', 'SETS'),
('CSC401', '3.00', 'SBE'),
('CSC401L', '1.00', 'SETS'),
('CSC405', '3.00', 'SETS'),
('CSC413', '3.00', 'SETS'),
('CSC415', '3.00', 'SETS'),
('CSC420', '3.00', 'SETS'),
('CSC430', '3.00', 'SETS'),
('CSC430L', '1.00', 'SETS'),
('CSC445', '3.00', 'SETS'),
('CSC455', '3.00', 'SETS'),
('CSC465', '3.00', 'SETS'),
('CSC499', '3.00', 'SETS'),
('CSC499A', '6.00', 'SETS'),
('CSC501', '3.00', 'SETS'),
('CSC630', '3.00', 'SETS'),
('CSC647', '3.00', 'SETS'),
('CSC697', '2.00', 'SETS'),
('CSC698', '1.00', 'SETS'),
('CSC699', '8.00', 'SETS'),
('CSR401', '3.00', 'SBE'),
('DST501', '3.00', 'SLASS'),
('DST503', '3.00', 'SLASS'),
('DST504', '3.00', 'SLASS'),
('DST615', '3.00', 'SLASS'),
('ECN200', '3.00', 'SBE'),
('ECN201', '3.00', 'SBE'),
('ECN202', '3.00', 'SBE'),
('ECN203', '3.00', 'SBE'),
('ECN220', '3.00', 'SBE'),
('ECN301', '3.00', 'SBE'),
('ECN302', '3.00', 'SBE'),
('ECN303', '3.00', 'SBE'),
('ECN308', '3.00', 'SBE'),
('ECN309', '3.00', 'SBE'),
('ECN310', '3.00', 'SBE'),
('ECN320', '3.00', 'SBE'),
('ECN330', '3.00', 'SBE'),
('ECN340', '3.00', 'SBE'),
('ECN350', '3.00', 'SBE'),
('ECN351', '3.00', 'SBE'),
('ECN360', '3.00', 'SBE'),
('ECN361', '3.00', 'SBE'),
('ECN385', '3.00', 'SBE'),
('ECN401', '3.00', 'SBE'),
('ECN402', '3.00', 'SBE'),
('ECN420', '3.00', 'SBE'),
('ECN430', '3.00', 'SBE'),
('ECN435', '3.00', 'SBE'),
('ECN470', '3.00', 'SBE'),
('ECN485', '3.00', 'SBE'),
('ECN486', '3.00', 'SBE'),
('ECN490', '3.00', 'SBE'),
('ECR101', '3.00', 'SETS'),
('ECR101L', '1.00', 'SETS'),
('ECR205', '3.00', 'SETS'),
('ECR205L', '1.00', 'SETS'),
('ECR206', '3.00', 'SETS'),
('ECR206L', '1.00', 'SETS'),
('ECR207', '3.00', 'SETS'),
('ECR207L', '1.00', 'SETS'),
('ECR209', '3.00', 'SETS'),
('ECR209L', '1.00', 'SETS'),
('ECR301', '3.00', 'SETS'),
('ECR301L', '1.00', 'SETS'),
('ECR305', '3.00', 'SETS'),
('ECR305L', '1.00', 'SETS'),
('ECR407', '3.00', 'SETS'),
('ECR407L', '1.00', 'SETS'),
('ECR433', '3.00', 'SETS'),
('EEE303', '3.00', 'SETS'),
('EEE303L', '1.00', 'SETS'),
('EEE304', '3.00', 'SETS'),
('EEE308', '3.00', 'SETS'),
('EEE308L', '1.00', 'SETS'),
('EEE402', '3.00', 'SETS'),
('EEE404', '3.00', 'SETS'),
('EEE406', '3.00', 'SETS'),
('EEE406L', '1.00', 'SETS'),
('EEE413', '3.00', 'SETS'),
('EEE413L', '1.00', 'SETS'),
('EEE414', '3.00', 'SETS'),
('EEE418', '3.00', 'SETS'),
('EEE450', '3.00', 'SETS'),
('EEE498', '6.00', 'SETS'),
('EEE499', '6.00', 'SETS'),
('ELT201', '3.00', 'SLASS'),
('ELT203', '3.00', 'SLASS'),
('ELT204', '3.00', 'SLASS'),
('ELT303', '3.00', 'SLASS'),
('ELT311', '3.00', 'SLASS'),
('ENG099', '3.00', 'SLASS'),
('ENG101', '3.00', 'SLASS'),
('ENG102', '3.00', 'SLASS'),
('ENG104', '3.00', 'SLASS'),
('ENG105', '3.00', 'SLASS'),
('ENG106', '3.00', 'SLASS'),
('ENG201', '3.00', 'SLASS'),
('ENG202', '3.00', 'SLASS'),
('ENG203', '3.00', 'SLASS'),
('ENG204', '3.00', 'SLASS'),
('ENG301', '3.00', 'SLASS'),
('ENG303', '3.00', 'SLASS'),
('ENG304', '3.00', 'SLASS'),
('ENG305', '3.00', 'SLASS'),
('ENG306', '3.00', 'SLASS'),
('ENG311', '3.00', 'SLASS'),
('ENG312', '3.00', 'SLASS'),
('ENG404', '3.00', 'SLASS'),
('ENV101', '3.00', 'SELS'),
('ENV102', '3.00', 'SELS'),
('ENV102T', '1.00', 'SELS'),
('ENV201', '3.00', 'SELS'),
('ENV201L', '1.00', 'SELS'),
('ENV202', '3.00', 'SELS'),
('ENV202L', '1.00', 'SELS'),
('ENV203', '3.00', 'SELS'),
('ENV205', '3.00', 'SELS'),
('ENV206', '3.00', 'SELS'),
('ENV208', '3.00', 'SELS'),
('ENV212', '3.00', 'SELS'),
('ENV220', '3.00', 'SELS'),
('ENV301', '3.00', 'SELS'),
('ENV302', '3.00', 'SELS'),
('ENV302L', '1.00', 'SELS'),
('ENV303', '3.00', 'SELS'),
('ENV307', '3.00', 'SELS'),
('ENV310', '3.00', 'SELS'),
('ENV312', '3.00', 'SELS'),
('ENV315', '3.00', 'SELS'),
('ENV316', '3.00', 'SELS'),
('ENV320', '3.00', 'SELS'),
('ENV325', '3.00', 'SELS'),
('ENV330', '3.00', 'SELS'),
('ENV340', '3.00', 'SELS'),
('ENV346', '3.00', 'SELS'),
('ENV348', '3.00', 'SELS'),
('ENV350', '3.00', 'SELS'),
('ENV360', '3.00', 'SELS'),
('ENV401', '3.00', 'SELS'),
('ENV403', '3.00', 'SELS'),
('ENV406', '3.00', 'SELS'),
('ENV409', '3.00', 'SELS'),
('ENV411', '3.00', 'SELS'),
('ENV415', '3.00', 'SELS'),
('ENV498', '6.00', 'SELS'),
('ENV498A', '6.00', 'SELS'),
('ENV498B', '6.00', 'SELS'),
('ENV499', '6.00', 'SELS'),
('ENV499A', '3.00', 'SELS'),
('ENV601', '3.00', 'SELS'),
('ENV607', '3.00', 'SELS'),
('ENV610', '3.00', 'SELS'),
('ENV620', '3.00', 'SELS'),
('ENV630', '1.00', 'SELS'),
('ENV640', '8.00', 'SELS'),
('ETE303', '3.00', 'SETS'),
('ETE303L', '1.00', 'SETS'),
('ETE304', '3.00', 'SETS'),
('ETE309', '3.00', 'SETS'),
('ETE403', '3.00', 'SETS'),
('ETE404', '3.00', 'SETS'),
('ETE406', '3.00', 'SETS'),
('ETE406L', '1.00', 'SETS'),
('ETE412', '3.00', 'SETS'),
('ETE414', '3.00', 'SETS'),
('ETE416', '3.00', 'SETS'),
('ETE418', '3.00', 'SETS'),
('ETE450', '3.00', 'SETS'),
('ETE498', '6.00', 'SETS'),
('ETE499', '6.00', 'SETS'),
('ETE499A', '6.00', 'SETS'),
('ETE500', '3.00', 'SETS'),
('ETE501', '3.00', 'SETS'),
('ETE509', '3.00', 'SETS'),
('ETE610', '3.00', 'SETS'),
('ETE620', '3.00', 'SETS'),
('ETE626', '3.00', 'SETS'),
('ETE628', '3.00', 'SETS'),
('ETE646', '3.00', 'SETS'),
('ETE658', '3.00', 'SETS'),
('ETE697', '2.00', 'SETS'),
('ETE698', '1.00', 'SETS'),
('ETE699', '8.00', 'SETS'),
('FIN201', '3.00', 'SBE'),
('FIN301', '3.00', 'SBE'),
('FIN302', '3.00', 'SBE'),
('FIN401', '3.00', 'SBE'),
('FIN405', '3.00', 'SBE'),
('FIN440', '3.00', 'SBE'),
('FIN460', '3.00', 'SBE'),
('FIN461', '3.00', 'SBE'),
('FIN480', '3.00', 'SBE'),
('FIN545', '3.00', 'SBE'),
('FIN547', '3.00', 'SBE'),
('FRN101', '3.00', 'SLASS'),
('HEA101', '3.00', 'SLASS'),
('HEA202', '3.00', 'SLASS'),
('HEA304', '3.00', 'SLASS'),
('HRM301', '3.00', 'SBE'),
('HRM360', '3.00', 'SBE'),
('HRM370', '3.00', 'SBE'),
('HRM380', '3.00', 'SBE'),
('HRM390', '3.00', 'SBE'),
('HRM410', '3.00', 'SBE'),
('HRM430', '3.00', 'SBE'),
('HRM460', '3.00', 'SBE'),
('HRM543', '3.00', 'SBE'),
('HRM545', '3.00', 'SBE'),
('HST103', '3.00', 'SLASS'),
('INB301', '3.00', 'SBE'),
('INB303', '3.00', 'SBE'),
('INB304', '3.00', 'SBE'),
('INB401', '3.00', 'SBE'),
('LFE201', '4.00', 'SLASS'),
('LFE201A', '4.00', 'SLASS'),
('LFE201B', '4.00', 'SLASS'),
('LIN311', '3.00', 'SLASS'),
('MAT100', '3.00', 'SETS'),
('MAT101', '3.00', 'SETS'),
('MAT101T', '0.00', 'SETS'),
('MAT102', '3.00', 'SETS'),
('MAT102T', '0.00', 'SETS'),
('MAT103', '3.00', 'SETS'),
('MAT103T', '0.00', 'SETS'),
('MAT201', '3.00', 'SETS'),
('MAT201T', '0.00', 'SETS'),
('MAT211', '3.00', 'SETS'),
('MAT211T', '0.00', 'SETS'),
('MAT212', '3.00', 'SETS'),
('MAT212T', '0.00', 'SETS'),
('MAT251', '3.00', 'SETS'),
('MAT251T', '0.00', 'SETS'),
('MAT303', '3.00', 'SETS'),
('MAT303T', '0.00', 'SETS'),
('MAT305', '3.00', 'SETS'),
('MAT305T', '0.00', 'SETS'),
('MAT401', '3.00', 'SETS'),
('MAT401T', '0.00', 'SETS'),
('MAT403', '3.00', 'SETS'),
('MAT403T', '0.00', 'SETS'),
('MAT407', '3.00', 'SETS'),
('MAT407T', '0.00', 'SETS'),
('MAT410', '3.00', 'SETS'),
('MAT410T', '0.00', 'SETS'),
('MAT501', '3.00', 'SETS'),
('MBA501', '3.00', 'SBE'),
('MBA502', '3.00', 'SBE'),
('MBA503', '3.00', 'SBE'),
('MBA504', '3.00', 'SBE'),
('MBA504E', '3.00', 'SBE'),
('MBA505', '3.00', 'SBE'),
('MBA506', '3.00', 'SBE'),
('MBA507', '3.00', 'SBE'),
('MBA508', '3.00', 'SBE'),
('MBA509', '3.00', 'SBE'),
('MBA510', '3.00', 'SBE'),
('MBA510E', '3.00', 'SBE'),
('MBA511', '3.00', 'SBE'),
('MBA512', '3.00', 'SBE'),
('MBA512E', '3.00', 'SBE'),
('MBA513', '3.00', 'SBE'),
('MBA513E', '3.00', 'SBE'),
('MBA514', '3.00', 'SBE'),
('MBA515', '3.00', 'SBE'),
('MBA550', '3.00', 'SBE'),
('MGT201', '3.00', 'SBE'),
('MGT301', '3.00', 'SBE'),
('MGT330', '3.00', 'SBE'),
('MGT340', '3.00', 'SBE'),
('MGT360', '3.00', 'SBE'),
('MGT380', '3.00', 'SBE'),
('MGT390', '3.00', 'SBE'),
('MGT401', '3.00', 'SBE'),
('MGT405', '3.00', 'SBE'),
('MGT440', '3.00', 'SBE'),
('MGT450', '3.00', 'SBE'),
('MGT480', '3.00', 'SBE'),
('MGT490', '3.00', 'SBE'),
('MIS102', '3.00', 'SBE'),
('MIS203', '3.00', 'SBE'),
('MIS341', '3.00', 'SBE'),
('MIS401', '3.00', 'SBE'),
('MIS405', '3.00', 'SBE'),
('MIS430', '3.00', 'SBE'),
('MIS441', '3.00', 'SBE'),
('MIS442', '3.00', 'SBE'),
('MIS445', '3.00', 'SBE'),
('MKT201', '3.00', 'SBE'),
('MKT302', '3.00', 'SBE'),
('MKT330', '3.00', 'SBE'),
('MKT340', '3.00', 'SBE'),
('MKT350', '3.00', 'SBE'),
('MKT360', '3.00', 'SBE'),
('MKT380', '3.00', 'SBE'),
('MKT401', '3.00', 'SBE'),
('MKT450', '3.00', 'SBE'),
('MKT470', '3.00', 'SBE'),
('MKT481', '3.00', 'SBE'),
('MKT541', '3.00', 'SBE'),
('MKT544', '3.00', 'SBE'),
('MUS101', '3.00', 'SLASS'),
('NCH101', '3.00', 'SLASS'),
('PHY101', '3.00', 'SETS'),
('PHY101L', '1.00', 'SETS'),
('PHY102', '3.00', 'SETS'),
('PHY102L', '1.00', 'SETS'),
('PHY201', '3.00', 'SETS'),
('POP201', '3.00', 'SELS'),
('POP301', '3.00', 'SELS'),
('POP305', '3.00', 'SELS'),
('POP311', '3.00', 'SELS'),
('POP403', '3.00', 'SELS'),
('POP498', '6.00', 'SELS'),
('POP498A', '3.00', 'SELS'),
('POP498B', '3.00', 'SELS'),
('POP499', '6.00', 'SELS'),
('SEN565', '3.00', 'SETS'),
('SEN647', '3.00', 'SETS'),
('SEN690', '6.00', 'SETS'),
('SOC101', '3.00', 'SLASS'),
('SOC202', '3.00', 'SLASS'),
('SOC204', '3.00', 'SLASS'),
('SOC207', '3.00', 'SLASS'),
('SOC301', '3.00', 'SLASS'),
('SOC303', '3.00', 'SLASS'),
('SOC307', '3.00', 'SLASS');

-- --------------------------------------------------------

--
-- Table structure for table `department_t`
--

CREATE TABLE `department_t` (
  `department_id` varchar(15) NOT NULL,
  `school_title` varchar(5) DEFAULT NULL
) ENGINE=InnoDB DEFAULT CHARSET=utf8mb4;

--
-- Dumping data for table `department_t`
--

INSERT INTO `department_t` (`department_id`, `school_title`) VALUES
('SBE', 'SBE'),
('SELS', 'SELS'),
('CSE', 'SETS'),
('EEE', 'SETS'),
('PhySci', 'SETS'),
('SLASS', 'SLASS');

-- --------------------------------------------------------

--
-- Table structure for table `school_t`
--

CREATE TABLE `school_t` (
  `scrial_number` int(3) NOT NULL,
  `school_title` varchar(5) NOT NULL
) ENGINE=InnoDB DEFAULT CHARSET=utf8mb4;

--
-- Dumping data for table `school_t`
--

INSERT INTO `school_t` (`scrial_number`, `school_title`) VALUES
(0, 'SBE'),
(0, 'SELS'),
(0, 'SETS'),
(0, 'SLASS');

-- --------------------------------------------------------

--
-- Table structure for table `section_t`
--

CREATE TABLE `section_t` (
  `courseid` varchar(10) NOT NULL,
  `school_title` varchar(5) NOT NULL,
  `section_number` int(2) NOT NULL,
  `semester_name` varchar(6) NOT NULL,
  `std_enrolled` int(3) DEFAULT NULL,
  `semester_year` int(4) NOT NULL,
  `room_id` varchar(15) DEFAULT NULL
) ENGINE=InnoDB DEFAULT CHARSET=utf8mb4;

--
-- Dumping data for table `section_t`
--

INSERT INTO `section_t` (`courseid`, `school_title`, `section_number`, `semester_name`, `std_enrolled`, `semester_year`, `room_id`) VALUES
('AAT101', 'SLASS', 2, 'Autumn', 43, 2009, 'C11401-S'),
('AAT101', 'SLASS', 2, 'Autumn', 41, 2020, 'C9302-S'),
('AAT101', 'SLASS', 2, 'Autumn', 54, 2021, 'BC5002-S'),
('AAT101', 'SLASS', 2, 'Spring', 43, 2020, 'C11402-S'),
('AAT101', 'SLASS', 2, 'Spring', 50, 2021, 'BC3010-S'),
('ACN201', 'SBE', 1, 'Autumn', 60, 2009, 'C9302-S'),
('ACN201', 'SBE', 1, 'Autumn', 33, 2020, 'C9502-S'),
('ACN201', 'SBE', 1, 'Autumn', 49, 2021, 'BC2023-S'),
('ACN201', 'SBE', 1, 'Spring', 25, 2020, 'C9302-S'),
('ACN201', 'SBE', 1, 'Spring', 50, 2021, 'BC2009-S'),
('ACN201', 'SBE', 1, 'Summer', 34, 2020, 'C9302-S'),
('ACN201', 'SBE', 2, 'Autumn', 52, 2009, 'C9302-S'),
('ACN201', 'SBE', 2, 'Autumn', 51, 2020, 'C9402-S'),
('ACN201', 'SBE', 2, 'Autumn', 41, 2021, 'BC3008-S'),
('ACN201', 'SBE', 2, 'Spring', 60, 2020, 'C9302-S'),
('ACN201', 'SBE', 2, 'Spring', 50, 2021, 'BC2009-S'),
('ACN201', 'SBE', 2, 'Summer', 8, 2020, 'C9501-S'),
('ACN201', 'SBE', 2, 'Summer', 0, 2021, 'BC2020-S'),
('ACN201', 'SBE', 3, 'Autumn', 31, 2009, 'C9302-S'),
('ACN201', 'SBE', 3, 'Autumn', 43, 2020, 'C9402-S'),
('ACN201', 'SBE', 3, 'Autumn', 49, 2021, 'BC3008-S'),
('ACN201', 'SBE', 3, 'Spring', 15, 2009, 'C10210-S'),
('ACN201', 'SBE', 3, 'Spring', 31, 2020, 'C9302-S'),
('ACN201', 'SBE', 3, 'Spring', 50, 2021, 'BC2009-S'),
('ACN201', 'SBE', 3, 'Summer', 24, 2021, 'BC2009-S'),
('ACN201', 'SBE', 4, 'Autumn', 24, 2009, 'C9301-S'),
('ACN201', 'SBE', 4, 'Autumn', 60, 2020, 'C9302-S'),
('ACN201', 'SBE', 4, 'Autumn', 48, 2021, 'BC2022-S'),
('ACN201', 'SBE', 4, 'Spring', 33, 2020, 'C9603-S'),
('ACN201', 'SBE', 4, 'Spring', 50, 2021, 'BC2009-S'),
('ACN201', 'SBE', 5, 'Autumn', 20, 2020, 'C9603-S'),
('ACN201', 'SBE', 5, 'Autumn', 51, 2021, 'BC3010-S'),
('ACN201', 'SBE', 5, 'Spring', 44, 2020, 'C9302-S'),
('ACN201', 'SBE', 5, 'Spring', 24, 2021, 'BC4010-S'),
('ACN201', 'SBE', 6, 'Autumn', 1, 2021, 'BC3010-S'),
('ACN201', 'SBE', 6, 'Spring', 25, 2021, 'BC2009-S'),
('ACN201', 'SBE', 7, 'Autumn', 25, 2021, 'BC3008-S'),
('ACN202', 'SBE', 1, 'Autumn', 56, 2009, 'C9302-S'),
('ACN202', 'SBE', 1, 'Autumn', 61, 2020, 'C9502-S'),
('ACN202', 'SBE', 1, 'Autumn', 35, 2021, 'BC3008-S'),
('ACN202', 'SBE', 1, 'Spring', 59, 2020, 'C9302-S'),
('ACN202', 'SBE', 1, 'Spring', 50, 2021, 'BC3012-S'),
('ACN202', 'SBE', 1, 'Summer', 58, 2009, 'C9302-S'),
('ACN202', 'SBE', 1, 'Summer', 36, 2020, 'C9302-S'),
('ACN202', 'SBE', 1, 'Summer', 44, 2021, 'BC2014-S'),
('ACN202', 'SBE', 2, 'Autumn', 47, 2009, 'C9302-S'),
('ACN202', 'SBE', 2, 'Autumn', 60, 2020, 'C9602-S'),
('ACN202', 'SBE', 2, 'Autumn', 50, 2021, 'BC3009-S'),
('ACN202', 'SBE', 2, 'Spring', 59, 2009, 'C10210-S'),
('ACN202', 'SBE', 2, 'Spring', 15, 2020, 'C9302-S'),
('ACN202', 'SBE', 2, 'Spring', 49, 2021, 'BC2020-S'),
('ACN202', 'SBE', 2, 'Summer', 7, 2020, 'C9602-S'),
('ACN202', 'SBE', 2, 'Summer', 26, 2021, 'BC2021-S'),
('ACN202', 'SBE', 3, 'Autumn', 44, 2009, 'C9401-S'),
('ACN202', 'SBE', 3, 'Autumn', 39, 2020, 'C9402-S'),
('ACN202', 'SBE', 3, 'Autumn', 49, 2021, 'BC3009-S'),
('ACN202', 'SBE', 3, 'Spring', 58, 2020, 'C9302-S'),
('ACN202', 'SBE', 3, 'Spring', 48, 2021, 'BC3008-S'),
('ACN202', 'SBE', 3, 'Summer', 0, 2021, 'BC3008-S'),
('ACN202', 'SBE', 4, 'Autumn', 18, 2020, 'C11402-S'),
('ACN202', 'SBE', 4, 'Autumn', 38, 2021, 'BC3008-S'),
('ACN202', 'SBE', 4, 'Spring', 20, 2020, 'C9201-S'),
('ACN202', 'SBE', 4, 'Spring', 8, 2021, 'BC2009-S'),
('ACN202', 'SBE', 5, 'Autumn', 0, 2021, 'BC3009-S'),
('ACN202', 'SBE', 5, 'Spring', 20, 2021, 'BC2021-S'),
('ACN301', 'SBE', 1, 'Autumn', 48, 2009, 'C9301-S'),
('ACN301', 'SBE', 1, 'Autumn', 58, 2020, 'C9602-S'),
('ACN301', 'SBE', 1, 'Autumn', 22, 2021, 'BC3011-S'),
('ACN301', 'SBE', 1, 'Spring', 58, 2020, 'C9402-S'),
('ACN301', 'SBE', 1, 'Spring', 30, 2021, 'BC2020-S'),
('ACN301', 'SBE', 1, 'Summer', 20, 2021, 'BC3011-S'),
('ACN301', 'SBE', 2, 'Autumn', 50, 2020, 'C9603-S'),
('ACN301', 'SBE', 2, 'Autumn', 43, 2021, 'BC3009-S'),
('ACN301', 'SBE', 2, 'Spring', 27, 2020, 'C9301-S'),
('ACN301', 'SBE', 2, 'Spring', 25, 2021, 'BC2009-S'),
('ACN301', 'SBE', 2, 'Summer', 1, 2021, 'BC4010-S'),
('ACN301', 'SBE', 3, 'Autumn', 4, 2021, 'BC4010-S'),
('ACN301', 'SBE', 3, 'Spring', 25, 2021, 'BC3011-S'),
('ACN305', 'SBE', 1, 'Autumn', 21, 2009, 'C9301-S'),
('ACN305', 'SBE', 1, 'Autumn', 36, 2020, 'C9603-S'),
('ACN305', 'SBE', 1, 'Autumn', 46, 2021, 'BC2020-S'),
('ACN305', 'SBE', 1, 'Spring', 31, 2020, 'C9502-S'),
('ACN305', 'SBE', 1, 'Spring', 49, 2021, 'BC2020-S'),
('ACN305', 'SBE', 1, 'Summer', 28, 2020, 'C9501-S'),
('ACN305', 'SBE', 1, 'Summer', 49, 2021, 'BC2022-S'),
('ACN305', 'SBE', 2, 'Autumn', 18, 2021, 'BC3010-S'),
('ACN305', 'SBE', 2, 'Spring', 35, 2021, 'BC3012-S'),
('ACN402', 'SBE', 1, 'Autumn', 22, 2009, 'C9301-S'),
('ACN402', 'SBE', 1, 'Autumn', 48, 2020, 'C9301-S'),
('ACN402', 'SBE', 1, 'Autumn', 50, 2021, 'BC3012-S'),
('ACN402', 'SBE', 1, 'Spring', 26, 2020, 'C9402-S'),
('ACN402', 'SBE', 1, 'Spring', 52, 2021, 'BC2012-S'),
('ACN402', 'SBE', 1, 'Summer', 7, 2009, 'C9301-S'),
('ACN402', 'SBE', 1, 'Summer', 21, 2020, 'C11301-S'),
('ACN402', 'SBE', 1, 'Summer', 44, 2021, 'BC3010-S'),
('ACN402', 'SBE', 2, 'Autumn', 41, 2021, 'BC2023-S'),
('ACN403', 'SBE', 1, 'Autumn', 11, 2009, 'C9301-S'),
('ACN403', 'SBE', 1, 'Autumn', 41, 2020, 'C9502-S'),
('ACN403', 'SBE', 1, 'Autumn', 50, 2021, 'BC3009-S'),
('ACN403', 'SBE', 1, 'Spring', 37, 2020, 'C9302-S'),
('ACN403', 'SBE', 1, 'Spring', 53, 2021, 'BC2014-S'),
('ACN403', 'SBE', 1, 'Summer', 18, 2009, 'C9301-S'),
('ACN403', 'SBE', 1, 'Summer', 9, 2020, 'C9201-S'),
('ACN403', 'SBE', 1, 'Summer', 10, 2021, 'BC7025-S'),
('ACN403', 'SBE', 2, 'Autumn', 48, 2021, 'BC3008-S'),
('ACN405', 'SBE', 1, 'Autumn', 17, 2009, 'C9301-S'),
('ACN405', 'SBE', 1, 'Autumn', 42, 2020, 'C9601-S'),
('ACN405', 'SBE', 1, 'Spring', 27, 2020, 'C9201-S'),
('ACN405', 'SBE', 1, 'Spring', 48, 2021, 'BC2009-S'),
('ACN405', 'SBE', 1, 'Summer', 41, 2020, 'C9401-S'),
('ACN405', 'SBE', 1, 'Summer', 46, 2021, 'BC2012-S'),
('ACN441', 'SBE', 1, 'Autumn', 18, 2009, 'C9301-S'),
('ACN441', 'SBE', 1, 'Autumn', 31, 2020, 'C9301-S'),
('ACN441', 'SBE', 1, 'Spring', 53, 2021, 'BC2013-S'),
('ACN441', 'SBE', 1, 'Summer', 15, 2020, 'C9601-S'),
('ACN441', 'SBE', 1, 'Summer', 29, 2021, 'BC2014-S'),
('ANT101', 'SLASS', 1, 'Autumn', 52, 2009, 'C5101-S'),
('ANT101', 'SLASS', 1, 'Autumn', 45, 2020, 'C9501-S'),
('ANT101', 'SLASS', 1, 'Spring', 47, 2020, 'C11401-S'),
('ANT101', 'SLASS', 1, 'Spring', 51, 2021, 'BC2021-S'),
('ANT101', 'SLASS', 1, 'Summer', 50, 2009, 'C11302-S'),
('ANT101', 'SLASS', 1, 'Summer', 42, 2020, 'C11302-S'),
('ANT101', 'SLASS', 1, 'Summer', 50, 2021, 'BC3011-S'),
('ANT101', 'SLASS', 2, 'Autumn', 50, 2009, 'C9603-S'),
('ANT101', 'SLASS', 2, 'Autumn', 24, 2020, 'C9601-S'),
('ANT101', 'SLASS', 2, 'Spring', 48, 2009, 'C10210-S'),
('ANT101', 'SLASS', 2, 'Spring', 44, 2020, 'C11202-S'),
('ANT101', 'SLASS', 2, 'Spring', 45, 2021, 'BC2023-S'),
('ANT101', 'SLASS', 2, 'Summer', 42, 2009, 'C4411-S'),
('ANT101', 'SLASS', 2, 'Summer', 13, 2020, 'C9301-S'),
('ANT101', 'SLASS', 2, 'Summer', 49, 2021, 'BC2013-S'),
('ANT101', 'SLASS', 3, 'Autumn', 45, 2009, 'C9603-S'),
('ANT101', 'SLASS', 3, 'Autumn', 39, 2020, 'C9502-S'),
('ANT101', 'SLASS', 3, 'Spring', 45, 2009, 'C10210-S'),
('ANT101', 'SLASS', 3, 'Spring', 40, 2020, 'C5101-S'),
('ANT101', 'SLASS', 3, 'Spring', 43, 2021, 'BC2020-S'),
('ANT101', 'SLASS', 3, 'Summer', 21, 2009, 'C9601-S'),
('ANT101', 'SLASS', 3, 'Summer', 4, 2020, 'C4503-S'),
('ANT103', 'SLASS', 1, 'Autumn', 6, 2009, 'C11201-S'),
('ANT103', 'SLASS', 1, 'Autumn', 14, 2020, 'C4406-S'),
('ANT103', 'SLASS', 1, 'Spring', 4, 2020, 'C11401-S'),
('ANT103', 'SLASS', 1, 'Spring', 10, 2021, 'BC5013-S'),
('ANT205', 'SLASS', 1, 'Autumn', 0, 2009, 'C11301-S'),
('ANT205', 'SLASS', 1, 'Autumn', 2, 2020, 'C10206-S'),
('ANT205', 'SLASS', 1, 'Spring', 0, 2020, 'C4503-S'),
('ANT206', 'SLASS', 1, 'Autumn', 4, 2020, 'C4502-S'),
('ANT206', 'SLASS', 1, 'Spring', 4, 2020, 'C11201-S'),
('ANT210', 'SLASS', 1, 'Autumn', 2, 2009, 'C4503-S'),
('ANT210', 'SLASS', 1, 'Autumn', 4, 2020, 'C4306-S'),
('ANT210', 'SLASS', 1, 'Spring', 1, 2020, 'C4503-S'),
('ANT210', 'SLASS', 1, 'Spring', 2, 2021, 'BC7016-S'),
('ANT210', 'SLASS', 1, 'Summer', 6, 2009, 'C4503-S'),
('ANT210', 'SLASS', 1, 'Summer', 1, 2020, 'C4306-S'),
('ANT210', 'SLASS', 1, 'Summer', 0, 2021, 'BC7016-S'),
('ANT306', 'SLASS', 1, 'Spring', 5, 2021, 'BC4012-S'),
('ANT307', 'SLASS', 1, 'Autumn', 10, 2009, 'C4411-S'),
('ANT401', 'SLASS', 1, 'Spring', 1, 2020, 'C4503-S'),
('ANT401', 'SLASS', 1, 'Summer', 3, 2020, 'C4306-S'),
('ANT403', 'SLASS', 1, 'Autumn', 5, 2009, 'C4503-S'),
('ANT403', 'SLASS', 1, 'Autumn', 2, 2020, 'C10210-S'),
('ANT403', 'SLASS', 1, 'Spring', 2, 2020, 'C4503-S'),
('ANT403', 'SLASS', 1, 'Spring', 5, 2021, 'BC2021-S'),
('ANT404', 'SLASS', 1, 'Spring', 0, 2020, 'C4503-S'),
('BBA499', 'SBE', 1, 'Spring', 0, 2020, 'C9201-S'),
('BBA499', 'SBE', 1, 'Summer', 0, 2009, 'S.Proj-S'),
('BBA499A', 'SBE', 1, 'Autumn', 42, 2009, 'C9201-S'),
('BBA499A', 'SBE', 1, 'Autumn', 77, 2020, 'C8201-S'),
('BBA499A', 'SBE', 1, 'Spring', 95, 2020, 'C9201-S'),
('BBA499A', 'SBE', 1, 'Spring', 109, 2021, 'BC2009-S'),
('BBA499A', 'SBE', 1, 'Summer', 73, 2009, 'S.Proj-S'),
('BBA499A', 'SBE', 1, 'Summer', 83, 2020, 'C9201-S'),
('BBA499A', 'SBE', 1, 'Summer', 103, 2021, 'BC2009-S'),
('BIO101', 'SELS', 1, 'Autumn', 10, 2020, 'A5206-S'),
('BIO101', 'SELS', 1, 'Spring', 9, 2020, 'C3202-S'),
('BIO101', 'SELS', 1, 'Spring', 9, 2021, 'BC4012-S'),
('BIO101L', 'SELS', 1, 'Autumn', 19, 2009, 'A5BioL-S'),
('BIO101L', 'SELS', 1, 'Autumn', 18, 2020, 'A5BioL-S'),
('BIO101L', 'SELS', 1, 'Spring', 19, 2020, 'A5BioL-S'),
('BIO101L', 'SELS', 1, 'Spring', 9, 2021, 'BLab-S'),
('BIO101L', 'SELS', 1, 'Summer', 8, 2009, 'A5BioL-S'),
('BIO101L', 'SELS', 1, 'Summer', 4, 2020, 'A5BioL-S'),
('BIO101L', 'SELS', 2, 'Summer', 11, 2009, 'A5BioL-S'),
('BIO101L', 'SELS', 2, 'Summer', 5, 2020, 'A5BioL-S'),
('BIO102', 'SELS', 1, 'Autumn', 20, 2009, 'A5206-S'),
('BIO102', 'SELS', 1, 'Spring', 0, 2020, 'A5206-S'),
('BIO102', 'SELS', 2, 'Autumn', 0, 2009, 'A5206-S'),
('BIO102T', 'SELS', 1, 'Autumn', 18, 2009, 'A5206-S'),
('BIO102T', 'SELS', 1, 'Spring', 0, 2020, 'A5206-S'),
('BIO102T', 'SELS', 2, 'Autumn', 2, 2009, 'A5206-S'),
('BLA101', 'SLASS', 1, 'Autumn', 49, 2009, 'C9501-S'),
('BLA101', 'SLASS', 1, 'Autumn', 41, 2020, 'C9301-S'),
('BLA101', 'SLASS', 1, 'Spring', 42, 2020, 'C11401-S'),
('BLA101', 'SLASS', 1, 'Spring', 53, 2021, 'BC7015-S'),
('BLA101', 'SLASS', 1, 'Summer', 27, 2020, 'C5101-S'),
('BLA101', 'SLASS', 1, 'Summer', 52, 2021, 'BC2012-S'),
('BLA101', 'SLASS', 2, 'Autumn', 64, 2009, 'C5101-S'),
('BLA101', 'SLASS', 2, 'Autumn', 31, 2020, 'C9501-S'),
('BLA101', 'SLASS', 2, 'Spring', 49, 2009, 'C10210-S'),
('BLA101', 'SLASS', 2, 'Spring', 31, 2020, 'C11302-S'),
('BLA101', 'SLASS', 2, 'Spring', 45, 2021, 'BC6007-S'),
('BNG201', 'SLASS', 1, 'Autumn', 12, 2009, 'C4406-S'),
('BNG201', 'SLASS', 1, 'Autumn', 2, 2020, 'C9502-S'),
('BNG201', 'SLASS', 1, 'Spring', 1, 2020, 'C11402-S'),
('BNG201', 'SLASS', 1, 'Spring', 21, 2021, 'BC2022-S'),
('BNG201', 'SLASS', 1, 'Summer', 0, 2020, 'C5101-S'),
('BNG201', 'SLASS', 1, 'Summer', 30, 2021, 'BC5014-S'),
('BNG201', 'SLASS', 2, 'Autumn', 1, 2020, 'C11201-S'),
('BNG201', 'SLASS', 2, 'Spring', 2, 2020, 'C11202-S'),
('BNG201', 'SLASS', 2, 'Spring', 17, 2021, 'BC4011-S'),
('BPH101', 'SLASS', 1, 'Autumn', 81, 2009, 'C5101-S'),
('BPH101', 'SLASS', 1, 'Autumn', 54, 2020, 'C9603-S'),
('BPH101', 'SLASS', 1, 'Spring', 61, 2020, 'C5101-S'),
('BPH101', 'SLASS', 1, 'Spring', 47, 2021, 'BC2020-S'),
('BPH101', 'SLASS', 1, 'Summer', 74, 2009, 'C5101-S'),
('BPH101', 'SLASS', 1, 'Summer', 27, 2020, 'C5101-S'),
('BPH101', 'SLASS', 1, 'Summer', 38, 2021, 'BC2021-S'),
('BUS201', 'SBE', 1, 'Autumn', 59, 2009, 'C9302-S'),
('BUS201', 'SBE', 1, 'Autumn', 29, 2020, 'C9302-S'),
('BUS201', 'SBE', 1, 'Spring', 60, 2020, 'C9402-S'),
('BUS201', 'SBE', 1, 'Spring', 45, 2021, 'BC2021-S'),
('BUS201', 'SBE', 1, 'Summer', 60, 2009, 'C9302-S'),
('BUS201', 'SBE', 1, 'Summer', 19, 2020, 'C9602-S'),
('BUS201', 'SBE', 1, 'Summer', 12, 2021, 'BC2021-S'),
('BUS201', 'SBE', 2, 'Autumn', 57, 2009, 'C9302-S'),
('BUS201', 'SBE', 2, 'Autumn', 33, 2020, 'C9402-S'),
('BUS201', 'SBE', 2, 'Spring', 38, 2009, 'C10210-S'),
('BUS201', 'SBE', 2, 'Spring', 49, 2020, 'C9402-S'),
('BUS201', 'SBE', 2, 'Spring', 51, 2021, 'BC2020-S'),
('BUS201', 'SBE', 2, 'Summer', 23, 2020, 'C9402-S'),
('BUS201', 'SBE', 2, 'Summer', 35, 2021, 'BC2013-S'),
('BUS201', 'SBE', 3, 'Autumn', 17, 2009, 'C9302-S'),
('BUS201', 'SBE', 3, 'Autumn', 59, 2020, 'C9602-S'),
('BUS201', 'SBE', 3, 'Spring', 33, 2009, 'C10210-S'),
('BUS201', 'SBE', 3, 'Spring', 36, 2020, 'C9201-S'),
('BUS201', 'SBE', 3, 'Spring', 51, 2021, 'BC3012-S'),
('BUS201', 'SBE', 3, 'Summer', 39, 2021, 'BC2009-S'),
('BUS201', 'SBE', 4, 'Autumn', 61, 2020, 'C9602-S'),
('BUS201', 'SBE', 4, 'Spring', 34, 2020, 'C9603-S'),
('BUS201', 'SBE', 4, 'Spring', 41, 2021, 'BC2020-S'),
('BUS201', 'SBE', 4, 'Summer', 24, 2021, 'BC4011-S'),
('BUS201', 'SBE', 5, 'Spring', 11, 2021, 'BC2020-S'),
('BUS202', 'SBE', 1, 'Autumn', 26, 2009, 'C9302-S'),
('BUS202', 'SBE', 1, 'Autumn', 27, 2020, 'C9501-S'),
('BUS202', 'SBE', 1, 'Spring', 39, 2020, 'C9402-S'),
('BUS202', 'SBE', 1, 'Spring', 31, 2021, 'BC2020-S'),
('BUS202', 'SBE', 1, 'Summer', 34, 2009, 'C9401-S'),
('BUS202', 'SBE', 1, 'Summer', 28, 2020, 'C9401-S'),
('BUS202', 'SBE', 1, 'Summer', 30, 2021, 'BC4010-S'),
('BUS202', 'SBE', 2, 'Autumn', 61, 2009, 'C9402-S'),
('BUS202', 'SBE', 2, 'Autumn', 43, 2020, 'C9301-S'),
('BUS202', 'SBE', 2, 'Spring', 59, 2009, 'C10210-S'),
('BUS202', 'SBE', 2, 'Spring', 62, 2020, 'C9502-S'),
('BUS202', 'SBE', 2, 'Spring', 29, 2021, 'BC2009-S'),
('BUS202', 'SBE', 2, 'Summer', 43, 2009, 'C9301-S'),
('BUS202', 'SBE', 2, 'Summer', 27, 2020, 'C9301-S'),
('BUS202', 'SBE', 2, 'Summer', 32, 2021, 'BC4010-S'),
('BUS202', 'SBE', 3, 'Autumn', 42, 2009, 'C9401-S'),
('BUS202', 'SBE', 3, 'Autumn', 48, 2020, 'C9401-S'),
('BUS202', 'SBE', 3, 'Spring', 57, 2009, 'C10210-S'),
('BUS202', 'SBE', 3, 'Spring', 32, 2020, 'C9502-S'),
('BUS202', 'SBE', 3, 'Spring', 26, 2021, 'BC2009-S'),
('BUS202', 'SBE', 3, 'Summer', 47, 2020, 'C9601-S'),
('BUS202', 'SBE', 3, 'Summer', 33, 2021, 'BC4012-S'),
('BUS202', 'SBE', 4, 'Autumn', 48, 2009, 'C9401-S'),
('BUS202', 'SBE', 4, 'Autumn', 47, 2020, 'C9501-S'),
('BUS202', 'SBE', 4, 'Spring', 11, 2009, 'C10210-S'),
('BUS202', 'SBE', 4, 'Spring', 61, 2020, 'C9502-S'),
('BUS202', 'SBE', 4, 'Spring', 26, 2021, 'BC2020-S'),
('BUS202', 'SBE', 5, 'Spring', 25, 2021, 'BC2013-S'),
('BUS202', 'SBE', 6, 'Spring', 25, 2021, 'BC2020-S'),
('BUS202', 'SBE', 7, 'Spring', 27, 2021, 'BC2021-S'),
('BUS315', 'SBE', 10, 'Spring', 1, 2009, 'C10210-S'),
('BUS315', 'SBE', 13, 'Spring', 1, 2009, 'C10210-S'),
('BUS360', 'SBE', 1, 'Autumn', 24, 2009, 'C9402-S'),
('BUS360', 'SBE', 1, 'Autumn', 27, 2020, 'C9302-S'),
('BUS360', 'SBE', 1, 'Spring', 47, 2020, 'C9602-S'),
('BUS360', 'SBE', 1, 'Spring', 50, 2021, 'BC2012-S'),
('BUS360', 'SBE', 1, 'Summer', 42, 2009, 'C9402-S'),
('BUS360', 'SBE', 1, 'Summer', 23, 2020, 'C9402-S'),
('BUS360', 'SBE', 1, 'Summer', 32, 2021, 'BC2012-S'),
('BUS360', 'SBE', 2, 'Autumn', 58, 2009, 'C9402-S'),
('BUS360', 'SBE', 2, 'Autumn', 61, 2020, 'C9302-S'),
('BUS360', 'SBE', 2, 'Spring', 55, 2009, 'C10210-S'),
('BUS360', 'SBE', 2, 'Spring', 59, 2020, 'C9402-S'),
('BUS360', 'SBE', 2, 'Spring', 52, 2021, 'BC2020-S'),
('BUS360', 'SBE', 2, 'Summer', 60, 2009, 'C9502-S'),
('BUS360', 'SBE', 2, 'Summer', 47, 2020, 'C9603-S'),
('BUS360', 'SBE', 2, 'Summer', 19, 2021, 'BC2021-S'),
('BUS360', 'SBE', 3, 'Autumn', 23, 2009, 'C9302-S'),
('BUS360', 'SBE', 3, 'Autumn', 13, 2020, 'C9402-S'),
('BUS360', 'SBE', 3, 'Spring', 30, 2009, 'C10210-S'),
('BUS360', 'SBE', 3, 'Spring', 0, 2020, 'C9302-S'),
('BUS360', 'SBE', 3, 'Spring', 31, 2021, 'BC3011-S'),
('BUS360', 'SBE', 3, 'Summer', 17, 2009, 'C9401-S'),
('BUS360', 'SBE', 3, 'Summer', 0, 2020, 'C9502-S'),
('BUS360', 'SBE', 3, 'Summer', 19, 2021, 'BC4011-S'),
('BUS360', 'SBE', 4, 'Autumn', 12, 2009, 'C9301-S'),
('BUS360', 'SBE', 4, 'Autumn', 12, 2020, 'C9402-S'),
('BUS360', 'SBE', 4, 'Spring', 45, 2020, 'C9602-S'),
('BUS485', 'SBE', 1, 'Autumn', 33, 2009, 'C9502-S'),
('BUS485', 'SBE', 1, 'Autumn', 61, 2020, 'C9402-S'),
('BUS485', 'SBE', 1, 'Spring', 51, 2020, 'C9602-S'),
('BUS485', 'SBE', 1, 'Spring', 51, 2021, 'BC2012-S'),
('BUS485', 'SBE', 2, 'Autumn', 28, 2009, 'C9602-S'),
('BUS485', 'SBE', 2, 'Autumn', 43, 2020, 'C9502-S'),
('BUS485', 'SBE', 2, 'Spring', 48, 2009, 'C10210-S'),
('BUS485', 'SBE', 2, 'Spring', 28, 2020, 'C9603-S'),
('BUS485', 'SBE', 2, 'Spring', 26, 2021, 'BC2021-S'),
('BUS485', 'SBE', 3, 'Autumn', 40, 2009, 'C9601-S'),
('BUS485', 'SBE', 3, 'Autumn', 61, 2020, 'C9502-S'),
('BUS485', 'SBE', 3, 'Spring', 43, 2009, 'C10210-S'),
('BUS485', 'SBE', 3, 'Spring', 58, 2020, 'C9602-S'),
('BUS485', 'SBE', 3, 'Spring', 23, 2021, 'BC2021-S'),
('BUS485', 'SBE', 4, 'Spring', 52, 2021, 'BC2014-S'),
('CEN330', 'SETS', 1, 'Spring', 0, 2021, 'CSCLab2-S'),
('CHE101', 'SELS', 1, 'Autumn', 19, 2009, 'C9601-S'),
('CHE101', 'SELS', 1, 'Autumn', 12, 2020, 'C10206-S'),
('CHE101', 'SELS', 1, 'Spring', 8, 2020, 'C4406-S'),
('CHE101', 'SELS', 1, 'Spring', 14, 2021, 'BC9013-S'),
('CHE101L', 'SELS', 1, 'Autumn', 17, 2009, 'A4Lab-S'),
('CHE101L', 'SELS', 1, 'Autumn', 21, 2020, 'A4Lab-S'),
('CHE101L', 'SELS', 1, 'Spring', 22, 2020, 'A4Lab-S'),
('CHE101L', 'SELS', 1, 'Spring', 17, 2021, 'CLab-S'),
('CHE101L', 'SELS', 1, 'Summer', 14, 2009, 'A4Lab-S'),
('CHE101L', 'SELS', 1, 'Summer', 14, 2020, 'A4Lab-S'),
('CHE101L', 'SELS', 2, 'Autumn', 13, 2009, 'A4Lab-S'),
('CHE101L', 'SELS', 2, 'Spring', 13, 2020, 'A4Lab-S'),
('CHE102', 'SELS', 1, 'Autumn', 24, 2009, 'A5206-S'),
('CHE102', 'SELS', 1, 'Autumn', 9, 2020, 'C4406-S'),
('CHE102', 'SELS', 1, 'Spring', 23, 2020, 'C9301-S'),
('CHE102', 'SELS', 1, 'Spring', 41, 2021, 'BC3012-S'),
('CHE102', 'SELS', 1, 'Summer', 0, 2009, 'A5206-S'),
('CHE102', 'SELS', 1, 'Summer', 14, 2021, 'BC2021-S'),
('CHE102', 'SELS', 2, 'Autumn', 9, 2009, 'C9603-S'),
('CHE102', 'SELS', 2, 'Autumn', 17, 2020, 'C4502-S'),
('CHE102', 'SELS', 2, 'Spring', 37, 2009, 'C10210-S'),
('CHE102', 'SELS', 2, 'Spring', 34, 2020, 'C11401-S'),
('CHE102', 'SELS', 2, 'Spring', 27, 2021, 'BC3011-S'),
('CHE102', 'SELS', 2, 'Summer', 0, 2009, 'A5206-S'),
('CHE102', 'SELS', 2, 'Summer', 9, 2021, 'BC9013-S'),
('CHE102', 'SELS', 3, 'Autumn', 39, 2009, 'C1301-S'),
('CHE102', 'SELS', 3, 'Autumn', 30, 2020, 'C11302-S'),
('CHE102', 'SELS', 3, 'Spring', 13, 2009, 'C10210-S'),
('CHE102', 'SELS', 3, 'Spring', 40, 2020, 'C11401-S'),
('CHE102', 'SELS', 3, 'Spring', 0, 2021, 'BC2014-S'),
('CHE102', 'SELS', 3, 'Summer', 0, 2009, 'A5206-S'),
('CHE102', 'SELS', 3, 'Summer', 37, 2021, 'BC2021-S'),
('CHE102', 'SELS', 4, 'Autumn', 21, 2020, 'C4411-S'),
('CHE102', 'SELS', 4, 'Spring', 19, 2021, 'BC7015-S'),
('CHE102T', 'SELS', 1, 'Autumn', 21, 2009, 'A5206-S'),
('CHE102T', 'SELS', 1, 'Autumn', 10, 2020, 'C8505-S'),
('CHE102T', 'SELS', 1, 'Spring', 26, 2020, 'A5206-S'),
('CHE102T', 'SELS', 1, 'Spring', 41, 2021, 'BC2013-S'),
('CHE102T', 'SELS', 1, 'Summer', 16, 2021, 'BC9013-S'),
('CHE102T', 'SELS', 2, 'Autumn', 17, 2009, 'A5206-S'),
('CHE102T', 'SELS', 2, 'Autumn', 18, 2020, 'C8205-S'),
('CHE102T', 'SELS', 2, 'Spring', 38, 2009, 'C10210-S'),
('CHE102T', 'SELS', 2, 'Spring', 31, 2020, 'A5206-S'),
('CHE102T', 'SELS', 2, 'Spring', 28, 2021, 'BC2014-S'),
('CHE102T', 'SELS', 2, 'Summer', 10, 2021, 'BC9016-S'),
('CHE102T', 'SELS', 3, 'Autumn', 32, 2009, 'C1301-S'),
('CHE102T', 'SELS', 3, 'Autumn', 29, 2020, 'C8506-S'),
('CHE102T', 'SELS', 3, 'Spring', 15, 2009, 'C10210-S'),
('CHE102T', 'SELS', 3, 'Spring', 40, 2020, 'C11401-S'),
('CHE102T', 'SELS', 3, 'Spring', 0, 2021, 'BC2021-S'),
('CHE102T', 'SELS', 3, 'Summer', 33, 2021, 'BC9013-S'),
('CHE102T', 'SELS', 4, 'Autumn', 21, 2020, 'C8206-S'),
('CHE102T', 'SELS', 4, 'Spring', 23, 2021, 'BC2020-S'),
('CIS101', 'SETS', 1, 'Autumn', 28, 2009, 'C8206-S'),
('CIS101', 'SETS', 1, 'Autumn', 25, 2020, 'C8206-S'),
('CIS101', 'SETS', 1, 'Spring', 31, 2020, 'C8206-S'),
('CIS101', 'SETS', 1, 'Spring', 36, 2021, 'BC5012-S'),
('CIS101', 'SETS', 1, 'Summer', 24, 2009, 'C8303-S'),
('CIS101', 'SETS', 1, 'Summer', 19, 2020, 'C8206-S'),
('CIS101', 'SETS', 1, 'Summer', 1, 2021, 'CSCLab1-S'),
('CIS101', 'SETS', 2, 'Autumn', 28, 2009, 'C8206-S'),
('CIS101', 'SETS', 2, 'Autumn', 26, 2020, 'C8206-S'),
('CIS101', 'SETS', 2, 'Spring', 30, 2020, 'C8206-S'),
('CIS101', 'SETS', 2, 'Spring', 35, 2021, 'BC5012-S'),
('CIS101', 'SETS', 2, 'Summer', 24, 2009, 'C8506-S'),
('CIS101', 'SETS', 2, 'Summer', 15, 2020, 'C8206-S'),
('CIS101', 'SETS', 2, 'Summer', 27, 2021, 'CSCLab2-S'),
('CIS101', 'SETS', 3, 'Autumn', 28, 2009, 'C8505-S'),
('CIS101', 'SETS', 3, 'Autumn', 24, 2020, 'C8304L-S'),
('CIS101', 'SETS', 3, 'Spring', 20, 2009, 'C10210-S'),
('CIS101', 'SETS', 3, 'Spring', 27, 2020, 'C8206-S'),
('CIS101', 'SETS', 3, 'Spring', 36, 2021, 'BC6008-S'),
('CIS101', 'SETS', 3, 'Summer', 25, 2009, 'C8304L-S'),
('CIS101', 'SETS', 3, 'Summer', 15, 2020, 'C8206-S'),
('CIS101', 'SETS', 3, 'Summer', 25, 2021, 'CSCLab2-S'),
('CIS101', 'SETS', 4, 'Autumn', 28, 2009, 'C8206-S'),
('CIS101', 'SETS', 4, 'Autumn', 25, 2020, 'C8505-S'),
('CIS101', 'SETS', 4, 'Spring', 17, 2009, 'C10210-S'),
('CIS101', 'SETS', 4, 'Spring', 29, 2020, 'C8206-S'),
('CIS101', 'SETS', 4, 'Spring', 35, 2021, 'BC6008-S'),
('CIS101', 'SETS', 4, 'Summer', 25, 2009, 'C8206-S'),
('CIS101', 'SETS', 4, 'Summer', 0, 2020, 'A4L04-S'),
('CIS101', 'SETS', 4, 'Summer', 25, 2021, 'CSCLab2-S'),
('CIS101', 'SETS', 5, 'Autumn', 26, 2009, 'C8206-S'),
('CIS101', 'SETS', 5, 'Autumn', 25, 2020, 'C8206-S'),
('CIS101', 'SETS', 5, 'Spring', 25, 2009, 'C10210-S'),
('CIS101', 'SETS', 5, 'Spring', 30, 2020, 'C8205-S'),
('CIS101', 'SETS', 5, 'Spring', 37, 2021, 'BC5013-S'),
('CIS101', 'SETS', 5, 'Summer', 25, 2009, 'C8206-S'),
('CIS101', 'SETS', 5, 'Summer', 0, 2020, 'A4204-S'),
('CIS101', 'SETS', 5, 'Summer', 25, 2021, 'CSCLab2-S'),
('CIS101', 'SETS', 6, 'Autumn', 28, 2009, 'C8505-S'),
('CIS101', 'SETS', 6, 'Autumn', 25, 2020, 'C8205-S'),
('CIS101', 'SETS', 6, 'Spring', 12, 2009, 'C10210-S'),
('CIS101', 'SETS', 6, 'Spring', 27, 2020, 'C8506-S'),
('CIS101', 'SETS', 6, 'Spring', 36, 2021, 'BC5013-S'),
('CIS101', 'SETS', 6, 'Summer', 10, 2009, 'C8600-S'),
('CIS101', 'SETS', 6, 'Summer', 0, 2020, 'A4204-S'),
('CIS101', 'SETS', 6, 'Summer', 24, 2021, 'CSCLab2-S'),
('CIS101', 'SETS', 7, 'Autumn', 28, 2009, 'C8206-S'),
('CIS101', 'SETS', 7, 'Autumn', 25, 2020, 'C8206-S'),
('CIS101', 'SETS', 7, 'Spring', 30, 2020, 'C8206-S'),
('CIS101', 'SETS', 7, 'Spring', 0, 2021, 'BC5013-S'),
('CIS101', 'SETS', 8, 'Autumn', 28, 2009, 'C8505-S'),
('CIS101', 'SETS', 8, 'Autumn', 22, 2020, 'C8206-S'),
('CIS101', 'SETS', 8, 'Spring', 22, 2009, 'C10210-S'),
('CIS101', 'SETS', 8, 'Spring', 30, 2020, 'C8206-S'),
('CIS101', 'SETS', 8, 'Spring', 1, 2021, 'BC9017-S'),
('CIS101', 'SETS', 9, 'Autumn', 27, 2009, 'C8206-S'),
('CIS101', 'SETS', 9, 'Autumn', 25, 2020, 'C8206-S'),
('CIS101', 'SETS', 9, 'Spring', 13, 2009, 'C10210-S'),
('CIS101', 'SETS', 9, 'Spring', 29, 2020, 'C8206-S'),
('CIS101', 'SETS', 9, 'Spring', 35, 2021, 'BC5014-S'),
('CIS101', 'SETS', 10, 'Autumn', 28, 2009, 'C8600-S'),
('CIS101', 'SETS', 10, 'Autumn', 0, 2020, 'C8206-S'),
('CIS101', 'SETS', 10, 'Spring', 27, 2020, 'C8206-S'),
('CIS101', 'SETS', 10, 'Spring', 36, 2021, 'BC6012-S'),
('CIS101', 'SETS', 11, 'Autumn', 26, 2009, 'C8206-S'),
('CIS101', 'SETS', 11, 'Autumn', 22, 2020, 'C8304L-S'),
('CIS101', 'SETS', 11, 'Spring', 30, 2020, 'C8206-S'),
('CIS101', 'SETS', 11, 'Spring', 35, 2021, 'BC5013-S'),
('CIS101', 'SETS', 12, 'Spring', 28, 2020, 'C8506-S'),
('CIS101', 'SETS', 12, 'Spring', 37, 2021, 'BC5012-S'),
('CIS499', 'SETS', 1, 'Autumn', 0, 2009, 'C8201-S'),
('CIS499', 'SETS', 1, 'Summer', 0, 2009, 'S.Proj-S'),
('CIS499A', 'SETS', 1, 'Autumn', 0, 2009, 'C8201-S'),
('CIS499A', 'SETS', 1, 'Summer', 0, 2009, 'S.Proj-S'),
('CMN201', 'SLASS', 1, 'Autumn', 29, 2009, 'C4411-S'),
('CMN201', 'SLASS', 1, 'Autumn', 32, 2020, 'C8205-S'),
('CMN201', 'SLASS', 1, 'Spring', 29, 2020, 'C4411-S'),
('CMN201', 'SLASS', 1, 'Spring', 51, 2021, 'BC7015-S'),
('CMN201', 'SLASS', 1, 'Summer', 27, 2009, 'C11201-S'),
('CMN201', 'SLASS', 1, 'Summer', 17, 2020, 'C8600-S'),
('CMN201', 'SLASS', 1, 'Summer', 34, 2021, 'BC5014-S'),
('CMN201', 'SLASS', 2, 'Autumn', 31, 2009, 'C4306-S'),
('CMN201', 'SLASS', 2, 'Autumn', 31, 2020, 'C9601-S'),
('CMN201', 'SLASS', 2, 'Spring', 42, 2009, 'C10210-S'),
('CMN201', 'SLASS', 2, 'Spring', 20, 2020, 'C4411-S'),
('CMN201', 'SLASS', 2, 'Spring', 43, 2021, 'BC2021-S'),
('CMN201', 'SLASS', 2, 'Summer', 25, 2009, 'C4306-S'),
('CMN201', 'SLASS', 2, 'Summer', 25, 2020, 'C11201-S'),
('CMN201', 'SLASS', 2, 'Summer', 40, 2021, 'BC2020-S'),
('CMN201', 'SLASS', 3, 'Autumn', 30, 2009, 'C4306-S'),
('CMN201', 'SLASS', 3, 'Autumn', 31, 2020, 'C10210-S'),
('CMN201', 'SLASS', 3, 'Spring', 39, 2009, 'C10210-S'),
('CMN201', 'SLASS', 3, 'Spring', 27, 2020, 'C4306-S'),
('CMN201', 'SLASS', 3, 'Spring', 51, 2021, 'BC2023-S'),
('CMN201', 'SLASS', 3, 'Summer', 24, 2009, 'C4306-S'),
('CMN201', 'SLASS', 3, 'Summer', 8, 2020, 'C8600-S'),
('CMN201', 'SLASS', 3, 'Summer', 0, 2021, 'BC7025-S'),
('CMN201', 'SLASS', 4, 'Autumn', 24, 2009, 'C11201-S'),
('CMN201', 'SLASS', 4, 'Autumn', 30, 2020, 'C4411-S'),
('CMN201', 'SLASS', 4, 'Spring', 42, 2009, 'C10210-S'),
('CMN201', 'SLASS', 4, 'Spring', 30, 2020, 'C4406-S'),
('CMN201', 'SLASS', 4, 'Spring', 47, 2021, 'BC6012-S'),
('CMN201', 'SLASS', 4, 'Summer', 15, 2009, 'C4306-S'),
('CMN201', 'SLASS', 4, 'Summer', 25, 2020, 'C11401-S'),
('CMN201', 'SLASS', 4, 'Summer', 36, 2021, 'BC2023-S'),
('CMN201', 'SLASS', 5, 'Autumn', 31, 2009, 'C4306-S'),
('CMN201', 'SLASS', 5, 'Autumn', 31, 2020, 'C8206-S'),
('CMN201', 'SLASS', 5, 'Spring', 41, 2009, 'C10210-S'),
('CMN201', 'SLASS', 5, 'Spring', 30, 2020, 'C4306-S'),
('CMN201', 'SLASS', 5, 'Spring', 50, 2021, 'BC2023-S'),
('CMN201', 'SLASS', 5, 'Summer', 24, 2009, 'C4406-S'),
('CMN201', 'SLASS', 5, 'Summer', 23, 2020, 'C11202-S'),
('CMN201', 'SLASS', 5, 'Summer', 40, 2021, 'BC5012-S'),
('CMN201', 'SLASS', 6, 'Autumn', 30, 2009, 'C4306-S'),
('CMN201', 'SLASS', 6, 'Autumn', 31, 2020, 'C8205-S'),
('CMN201', 'SLASS', 6, 'Spring', 32, 2009, 'C10210-S'),
('CMN201', 'SLASS', 6, 'Spring', 30, 2020, 'C4306-S'),
('CMN201', 'SLASS', 6, 'Spring', 48, 2021, 'BC2014-S'),
('CMN201', 'SLASS', 6, 'Summer', 1, 2020, 'C9402-S'),
('CMN201', 'SLASS', 6, 'Summer', 40, 2021, 'BC2022-S'),
('CMN201', 'SLASS', 7, 'Autumn', 28, 2009, 'C4306-S'),
('CMN201', 'SLASS', 7, 'Autumn', 31, 2020, 'C4411-S'),
('CMN201', 'SLASS', 7, 'Spring', 29, 2020, 'C4306-S'),
('CMN201', 'SLASS', 7, 'Spring', 50, 2021, 'BC2021-S'),
('CMN201', 'SLASS', 7, 'Summer', 2, 2020, 'C10206-S'),
('CMN201', 'SLASS', 7, 'Summer', 45, 2021, 'BC2012-S'),
('CMN201', 'SLASS', 8, 'Autumn', 30, 2009, 'C4406-S'),
('CMN201', 'SLASS', 8, 'Autumn', 31, 2020, 'C4411-S'),
('CMN201', 'SLASS', 8, 'Spring', 26, 2020, 'C4406-S'),
('CMN201', 'SLASS', 8, 'Spring', 17, 2021, 'BC3012-S'),
('CMN201', 'SLASS', 8, 'Summer', 0, 2020, 'C9502-S'),
('CMN201', 'SLASS', 9, 'Autumn', 28, 2020, 'C11401-S'),
('CMN201', 'SLASS', 9, 'Spring', 29, 2020, 'C4411-S'),
('CMN201', 'SLASS', 9, 'Summer', 3, 2020, 'C9201-S'),
('CMN201', 'SLASS', 10, 'Autumn', 30, 2020, 'C8505-S'),
('CMN201', 'SLASS', 10, 'Spring', 26, 2020, 'C4306-S'),
('CMN202', 'SLASS', 1, 'Spring', 19, 2020, 'C4306-S'),
('CMN202', 'SLASS', 1, 'Spring', 31, 2021, 'BC2020-S'),
('CMN202', 'SLASS', 1, 'Summer', 12, 2020, 'C11301-S'),
('CMN202', 'SLASS', 1, 'Summer', 23, 2021, 'BC3011-S'),
('CMN202', 'SLASS', 2, 'Spring', 24, 2009, 'C10210-S'),
('CMN202', 'SLASS', 3, 'Spring', 14, 2009, 'C10210-S'),
('CMN203', 'SLASS', 1, 'Autumn', 35, 2009, 'C9201-S'),
('CMN203', 'SLASS', 1, 'Autumn', 30, 2020, 'C4406-S'),
('CMN203', 'SLASS', 1, 'Spring', 31, 2020, 'C4406-S'),
('CMN203', 'SLASS', 1, 'Spring', 14, 2021, 'BC3011-S'),
('CMN203', 'SLASS', 1, 'Summer', 16, 2020, 'C4503-S'),
('CMN203', 'SLASS', 1, 'Summer', 14, 2021, 'BC6009-S'),
('CMN203', 'SLASS', 2, 'Autumn', 30, 2009, 'C4411-S'),
('CMN203', 'SLASS', 2, 'Autumn', 22, 2020, 'C4306-S'),
('CMN203', 'SLASS', 2, 'Spring', 14, 2020, 'C4406-S'),
('CMN203', 'SLASS', 2, 'Spring', 33, 2021, 'BC4014-S'),
('CMN203', 'SLASS', 2, 'Summer', 1, 2020, 'C11302-S'),
('CMN203', 'SLASS', 3, 'Autumn', 20, 2009, 'C4306-S'),
('CMN203', 'SLASS', 3, 'Autumn', 17, 2020, 'C4306-S'),
('CMN203', 'SLASS', 3, 'Spring', 18, 2020, 'C4306-S'),
('CMN204', 'SLASS', 1, 'Autumn', 23, 2020, 'C10320-S'),
('CMN205', 'SLASS', 1, 'Autumn', 34, 2009, 'C1401L-S'),
('CMN205', 'SLASS', 1, 'Autumn', 36, 2020, 'C9202-S'),
('CMN205', 'SLASS', 1, 'Spring', 34, 2020, 'C9403-S'),
('CMN205', 'SLASS', 1, 'Spring', 30, 2021, 'BC4013-S'),
('CMN205', 'SLASS', 1, 'Summer', 18, 2020, 'C10210-S'),
('CMN205', 'SLASS', 1, 'Summer', 15, 2021, 'BC9016-S'),
('CMN207', 'SLASS', 1, 'Spring', 25, 2021, 'BC2023-S'),
('CMN207', 'SLASS', 1, 'Summer', 9, 2020, 'C9501-S'),
('CMN207', 'SLASS', 1, 'Summer', 19, 2021, 'BC6013-S'),
('CMN301', 'SLASS', 1, 'Autumn', 12, 2020, 'C11202-S'),
('CMN301', 'SLASS', 1, 'Spring', 23, 2020, 'C4411-S'),
('CMN301', 'SLASS', 1, 'Summer', 9, 2021, 'BC7015-S'),
('CMN302', 'SLASS', 1, 'Autumn', 20, 2009, 'C4411-S'),
('CMN302', 'SLASS', 1, 'Autumn', 21, 2020, 'C9301-S'),
('CMN302', 'SLASS', 1, 'Summer', 18, 2021, 'BC7016-S'),
('CMN303', 'SLASS', 1, 'Autumn', 13, 2020, 'C9202-S'),
('CMN303', 'SLASS', 1, 'Spring', 19, 2020, 'C9403-S'),
('CMN304', 'SLASS', 1, 'Autumn', 9, 2020, 'C4411-S'),
('CMN304', 'SLASS', 1, 'Spring', 17, 2021, 'BC4014-S'),
('CMN305', 'SLASS', 1, 'Autumn', 12, 2020, 'C4411-S'),
('CMN305', 'SLASS', 1, 'Spring', 11, 2020, 'C11301-S'),
('CMN305', 'SLASS', 1, 'Spring', 12, 2021, 'BC7016-S'),
('CMN306', 'SLASS', 1, 'Autumn', 5, 2020, 'C4306-S'),
('CMN306', 'SLASS', 1, 'Spring', 4, 2020, 'C4411-S'),
('CMN306', 'SLASS', 1, 'Summer', 9, 2021, 'BC9016-S'),
('CMN307', 'SLASS', 1, 'Autumn', 0, 2020, 'C9603-S'),
('CMN307', 'SLASS', 1, 'Spring', 6, 2020, 'C4406-S'),
('CMN307', 'SLASS', 1, 'Summer', 6, 2009, 'C4310-S'),
('CMN308', 'SLASS', 1, 'Spring', 12, 2020, 'C11303-S'),
('CMN308', 'SLASS', 1, 'Spring', 11, 2021, 'BC5012-S'),
('CMN308', 'SLASS', 1, 'Summer', 16, 2020, 'C11301-S'),
('CMN309', 'SLASS', 1, 'Summer', 7, 2021, 'BC7015-S'),
('CMN310', 'SLASS', 1, 'Autumn', 6, 2009, 'C4406-S'),
('CMN310', 'SLASS', 1, 'Autumn', 19, 2020, 'C4411-S'),
('CMN311', 'SLASS', 1, 'Autumn', 20, 2009, 'C9201-S'),
('CMN311', 'SLASS', 1, 'Spring', 16, 2020, 'C4411-S'),
('CMN313', 'SLASS', 1, 'Autumn', 12, 2020, 'C4310-S'),
('CMN313', 'SLASS', 1, 'Spring', 3, 2020, 'C4310-S'),
('CMN313', 'SLASS', 1, 'Spring', 6, 2021, 'BC4014-S'),
('CMN314', 'SLASS', 1, 'Autumn', 2, 2020, 'C11303-S'),
('CMN314', 'SLASS', 1, 'Summer', 0, 2021, 'BC7016-S'),
('CMN315', 'SLASS', 1, 'Autumn', 26, 2009, 'C4406-S'),
('CMN315', 'SLASS', 1, 'Spring', 10, 2021, 'BC3012-S'),
('CMN316', 'SLASS', 1, 'Spring', 14, 2021, 'BC4014-S'),
('CMN316', 'SLASS', 1, 'Summer', 11, 2020, 'C9501-S'),
('CMN317', 'SLASS', 1, 'Spring', 3, 2021, 'BC2023-S'),
('CMN318', 'SLASS', 1, 'Spring', 2, 2020, 'C8505-S'),
('CMN318', 'SLASS', 1, 'Spring', 1, 2021, 'BC4014-S'),
('CMN319', 'SLASS', 1, 'Autumn', 1, 2020, 'C11303-S'),
('CMN320', 'SLASS', 1, 'Spring', 3, 2021, 'BC7016-S'),
('CMN321', 'SLASS', 1, 'Autumn', 2, 2009, 'C4411-S'),
('CMN321', 'SLASS', 1, 'Autumn', 6, 2020, 'C4411-S'),
('CMN322', 'SLASS', 1, 'Autumn', 6, 2009, 'C11301-S'),
('CMN322', 'SLASS', 1, 'Spring', 5, 2021, 'BC4010-S'),
('CMN322', 'SLASS', 1, 'Summer', 4, 2020, 'C11301-S'),
('CMN323', 'SLASS', 1, 'Autumn', 4, 2020, 'C11303-S'),
('CMN323', 'SLASS', 1, 'Spring', 1, 2020, 'C4406-S'),
('CMN324', 'SLASS', 1, 'Autumn', 2, 2020, 'C4301-S'),
('CMN324', 'SLASS', 1, 'Spring', 3, 2020, 'C9601-S'),
('CMN324', 'SLASS', 1, 'Spring', 3, 2021, 'BC2022-S'),
('CMN325', 'SLASS', 1, 'Autumn', 7, 2020, 'C8201-S'),
('CMN325', 'SLASS', 1, 'Spring', 3, 2020, 'C4306-S'),
('CMN325', 'SLASS', 1, 'Summer', 10, 2021, 'BC7015-S'),
('CMN326', 'SLASS', 1, 'Autumn', 2, 2020, 'C11201-S'),
('CMN326', 'SLASS', 1, 'Spring', 7, 2020, 'C9302-S'),
('CMN402', 'SLASS', 1, 'Autumn', 14, 2020, 'C4502-S'),
('CMN402', 'SLASS', 1, 'Spring', 2, 2020, 'C10206-S'),
('CMN402', 'SLASS', 1, 'Summer', 18, 2009, 'C4406-S'),
('CMN403', 'SLASS', 1, 'Autumn', 13, 2009, 'C4306-S'),
('CMN403', 'SLASS', 1, 'Autumn', 4, 2020, 'C10210-S'),
('CMN403', 'SLASS', 1, 'Spring', 21, 2020, 'C4406-S'),
('CMN403', 'SLASS', 1, 'Spring', 7, 2021, 'BC3009-S'),
('CMN404', 'SLASS', 1, 'Spring', 7, 2020, 'C10206-S'),
('CMN406', 'SLASS', 1, 'Autumn', 28, 2020, 'C8506-S'),
('CMN406', 'SLASS', 1, 'Spring', 22, 2021, 'BC2022-S'),
('CMN407', 'SLASS', 1, 'Autumn', 18, 2020, 'C8601-S'),
('CMN407', 'SLASS', 1, 'Spring', 6, 2020, 'C11201-S'),
('CMN409', 'SLASS', 1, 'Autumn', 12, 2020, 'C9603-S'),
('CMN413', 'SLASS', 1, 'Autumn', 9, 2020, 'C10320-S'),
('CMN413', 'SLASS', 1, 'Spring', 12, 2021, 'BC7015-S'),
('CMN414', 'SLASS', 1, 'Autumn', 13, 2020, 'C11401-S'),
('CMN414', 'SLASS', 1, 'Spring', 15, 2021, 'BC4014-S'),
('CMN415', 'SLASS', 1, 'Spring', 21, 2021, 'BC7016-S'),
('CMN417', 'SLASS', 1, 'Spring', 4, 2021, 'BC2014-S'),
('CMN419', 'SLASS', 1, 'Autumn', 3, 2020, 'C11303-S'),
('CMN420', 'SLASS', 1, 'Summer', 0, 2021, 'BC9016-S'),
('CMN421', 'SLASS', 1, 'Spring', 7, 2021, 'BC7015-S'),
('CMN422', 'SLASS', 1, 'Summer', 7, 2021, 'BC4013-S'),
('CMN423', 'SLASS', 1, 'Autumn', 0, 2020, 'C8206-S'),
('CMN423', 'SLASS', 1, 'Summer', 5, 2021, 'BC7025-S'),
('CMN425', 'SLASS', 1, 'Spring', 7, 2021, 'BC6013-S'),
('CMN426', 'SLASS', 1, 'Autumn', 8, 2020, 'C9201-S'),
('CMN427', 'SLASS', 1, 'Spring', 8, 2021, 'BC2023-S'),
('CMN429', 'SLASS', 1, 'Autumn', 7, 2020, 'C8206-S'),
('CMN498', 'SLASS', 1, 'Autumn', 0, 2009, 'C4306-S'),
('CMN498', 'SLASS', 1, 'Spring', 0, 2020, 'C4306-S'),
('CMN499', 'SLASS', 1, 'Autumn', 9, 2009, 'C4306-S'),
('CMN499', 'SLASS', 1, 'Autumn', 1, 2020, 'C4306-S'),
('CMN499', 'SLASS', 1, 'Spring', 7, 2020, 'C4306-S'),
('CMN499', 'SLASS', 1, 'Spring', 4, 2021, 'BC7025-S'),
('CMN499', 'SLASS', 1, 'Summer', 4, 2020, 'C4306-S'),
('CMN499', 'SLASS', 1, 'Summer', 6, 2021, 'BC3009-S'),
('CSC101', 'SETS', 1, 'Autumn', 14, 2009, 'C8303-S'),
('CSC101', 'SETS', 1, 'Autumn', 21, 2020, 'C8303-S'),
('CSC101', 'SETS', 1, 'Spring', 27, 2020, 'C8303-S'),
('CSC101', 'SETS', 1, 'Spring', 33, 2021, 'CSCLab1-S'),
('CSC101', 'SETS', 1, 'Summer', 16, 2009, 'C8303-S'),
('CSC101', 'SETS', 1, 'Summer', 18, 2020, 'C8303-S'),
('CSC101', 'SETS', 1, 'Summer', 15, 2021, 'CSCLab1-S'),
('CSC101', 'SETS', 2, 'Autumn', 29, 2009, 'C8303-S'),
('CSC101', 'SETS', 2, 'Autumn', 30, 2020, 'C8303-S'),
('CSC101', 'SETS', 2, 'Spring', 35, 2021, 'CSCLab1-S'),
('CSC201', 'SETS', 1, 'Autumn', 1, 2020, 'C8205-S'),
('CSC201', 'SETS', 1, 'Spring', 3, 2020, 'C8205-S'),
('CSC201', 'SETS', 1, 'Spring', 4, 2021, 'BC6008-S'),
('CSC203', 'SBE', 1, 'Spring', 1, 2020, 'C9501-S'),
('CSC203', 'SETS', 1, 'Spring', 3, 2021, 'CSCLab1-S'),
('CSC204', 'SETS', 1, 'Autumn', 18, 2009, 'C8506-S'),
('CSC204', 'SETS', 1, 'Spring', 24, 2020, 'C8506-S'),
('CSC204L', 'SETS', 1, 'Autumn', 13, 2009, 'C8ELab-S'),
('CSC204L', 'SETS', 1, 'Spring', 25, 2020, 'C10ELab-S'),
('CSC205', 'SETS', 1, 'Autumn', 25, 2009, 'C8303-S'),
('CSC205', 'SETS', 1, 'Autumn', 5, 2020, 'C8303-S'),
('CSC205', 'SETS', 1, 'Spring', 14, 2020, 'C8303-S'),
('CSC205', 'SETS', 1, 'Spring', 14, 2021, 'CSCLab1-S'),
('CSC205', 'SETS', 2, 'Autumn', 28, 2020, 'C8303-S'),
('CSC205', 'SETS', 2, 'Spring', 43, 2020, 'C8304L-S'),
('CSC205', 'SETS', 2, 'Spring', 25, 2021, 'CSCLab1-S'),
('CSC205L', 'SETS', 1, 'Autumn', 22, 2009, 'C8303-S'),
('CSC205L', 'SETS', 1, 'Autumn', 4, 2020, 'C8303-S'),
('CSC205L', 'SETS', 1, 'Spring', 14, 2020, 'C8303-S'),
('CSC205L', 'SETS', 1, 'Spring', 14, 2021, 'CSCLab1-S'),
('CSC205L', 'SETS', 2, 'Autumn', 3, 2009, 'C8303-S'),
('CSC205L', 'SETS', 2, 'Autumn', 27, 2020, 'C8303-S'),
('CSC205L', 'SETS', 2, 'Spring', 44, 2020, 'C8304L-S'),
('CSC205L', 'SETS', 2, 'Spring', 24, 2021, 'CSCLab1-S'),
('CSC212', 'SETS', 1, 'Autumn', 33, 2009, 'C8506-S'),
('CSC212', 'SETS', 1, 'Spring', 25, 2020, 'C8506-S'),
('CSC212L', 'SETS', 1, 'Autumn', 32, 2009, 'C8ELab-S'),
('CSC212L', 'SETS', 1, 'Spring', 16, 2020, 'C10ELab-S'),
('CSC212L', 'SETS', 2, 'Autumn', 0, 2009, 'C10ELab-S'),
('CSC212L', 'SETS', 2, 'Spring', 7, 2020, 'C10EL1-S'),
('CSC301', 'SETS', 1, 'Spring', 4, 2021, 'CSCLab2-S'),
('CSC305', 'SETS', 1, 'Autumn', 1, 2009, 'C8304L-S'),
('CSC305', 'SETS', 1, 'Spring', 6, 2021, 'BC5013-S'),
('CSC305L', 'SETS', 1, 'Autumn', 1, 2009, 'C8304L-S'),
('CSC305L', 'SETS', 1, 'Spring', 6, 2021, 'CSCLab1-S'),
('CSC306', 'SETS', 1, 'Autumn', 0, 2020, 'S.Proj-S'),
('CSC306', 'SETS', 1, 'Spring', 4, 2021, 'CSCLab1-S'),
('CSC306L', 'SETS', 1, 'Autumn', 1, 2020, 'C8304L-S'),
('CSC306L', 'SETS', 1, 'Spring', 4, 2021, 'CSCLab1-S'),
('CSC311', 'SETS', 1, 'Autumn', 5, 2020, 'C8303-S'),
('CSC311', 'SETS', 1, 'Spring', 1, 2021, 'BC6007-S'),
('CSC401', 'SETS', 1, 'Autumn', 5, 2020, 'C8205-S'),
('CSC401L', 'SETS', 1, 'Autumn', 5, 2020, 'C8304L-S'),
('CSC413', 'SETS', 1, 'Autumn', 3, 2009, 'C8304L-S'),
('CSC465', 'SETS', 1, 'Spring', 1, 2020, 'C8303-S'),
('CSC499', 'SETS', 1, 'Autumn', 0, 2009, 'C8205-S'),
('CSC499', 'SETS', 1, 'Spring', 0, 2020, 'C8201-S'),
('CSC499', 'SETS', 1, 'Summer', 0, 2020, 'C8201-S'),
('CSC499A', 'SETS', 1, 'Autumn', 0, 2009, 'C8201-S'),
('CSC499A', 'SETS', 1, 'Autumn', 1, 2020, 'C8303-S'),
('CSC499A', 'SETS', 1, 'Spring', 2, 2020, 'C8201-S'),
('CSC499A', 'SETS', 1, 'Summer', 0, 2009, 'S.Proj-S'),
('CSC499A', 'SETS', 1, 'Summer', 0, 2020, 'C8201-S'),
('ECN200', 'SBE', 1, 'Autumn', 36, 2009, 'C11202-S'),
('ECN200', 'SBE', 1, 'Autumn', 32, 2020, 'C11202-S'),
('ECN200', 'SBE', 1, 'Spring', 46, 2020, 'C11202-S'),
('ECN200', 'SBE', 1, 'Spring', 30, 2021, 'BC2020-S'),
('ECN200', 'SBE', 1, 'Summer', 25, 2009, 'C11202-S'),
('ECN200', 'SBE', 1, 'Summer', 17, 2020, 'C11302-S'),
('ECN200', 'SBE', 1, 'Summer', 30, 2021, 'BC2014-S'),
('ECN200', 'SBE', 2, 'Autumn', 45, 2009, 'C11302-S'),
('ECN200', 'SBE', 2, 'Autumn', 42, 2020, 'C11202-S'),
('ECN200', 'SBE', 2, 'Spring', 40, 2009, 'C10210-S'),
('ECN200', 'SBE', 2, 'Spring', 40, 2020, 'C11302-S'),
('ECN200', 'SBE', 2, 'Spring', 24, 2021, 'BC2013-S'),
('ECN200', 'SBE', 2, 'Summer', 17, 2021, 'BC2009-S'),
('ECN200', 'SBE', 3, 'Spring', 17, 2021, 'BC2023-S'),
('ECN200', 'SBE', 3, 'Summer', 14, 2021, 'BC4010-S'),
('ECN201', 'SBE', 1, 'Autumn', 42, 2009, 'C11202-S'),
('ECN201', 'SBE', 1, 'Autumn', 46, 2020, 'C11202-S'),
('ECN201', 'SBE', 1, 'Spring', 20, 2020, 'C11202-S'),
('ECN201', 'SBE', 1, 'Spring', 36, 2021, 'BC2013-S'),
('ECN201', 'SBE', 1, 'Summer', 46, 2009, 'C11402-S'),
('ECN201', 'SBE', 1, 'Summer', 44, 2020, 'C11202-S'),
('ECN201', 'SBE', 1, 'Summer', 0, 2021, 'BC7026-S'),
('ECN201', 'SBE', 2, 'Autumn', 32, 2009, 'C11202-S'),
('ECN201', 'SBE', 2, 'Autumn', 44, 2020, 'C11202-S'),
('ECN201', 'SBE', 2, 'Spring', 20, 2009, 'C10210-S'),
('ECN201', 'SBE', 2, 'Spring', 45, 2020, 'C11202-S'),
('ECN201', 'SBE', 2, 'Spring', 46, 2021, 'BC3010-S'),
('ECN201', 'SBE', 2, 'Summer', 16, 2020, 'C11401-S'),
('ECN201', 'SBE', 2, 'Summer', 31, 2021, 'BC2021-S'),
('ECN201', 'SBE', 3, 'Autumn', 28, 2009, 'C11302-S'),
('ECN201', 'SBE', 3, 'Autumn', 47, 2020, 'C11202-S'),
('ECN201', 'SBE', 3, 'Spring', 12, 2009, 'C10210-S'),
('ECN201', 'SBE', 3, 'Spring', 38, 2020, 'C11202-S'),
('ECN201', 'SBE', 3, 'Spring', 49, 2021, 'BC2014-S'),
('ECN201', 'SBE', 3, 'Summer', 20, 2021, 'BC4013-S'),
('ECN201', 'SBE', 4, 'Autumn', 12, 2009, 'C11302-S'),
('ECN201', 'SBE', 4, 'Autumn', 46, 2020, 'C11202-S'),
('ECN201', 'SBE', 4, 'Spring', 10, 2009, 'C10210-S'),
('ECN201', 'SBE', 4, 'Spring', 41, 2020, 'C11202-S'),
('ECN201', 'SBE', 4, 'Spring', 21, 2021, 'BC2012-S'),
('ECN201', 'SBE', 4, 'Summer', 24, 2021, 'BC4011-S'),
('ECN201', 'SBE', 5, 'Spring', 49, 2009, 'C10210-S'),
('ECN201', 'SBE', 5, 'Spring', 20, 2021, 'BC4010-S'),
('ECN202', 'SBE', 1, 'Autumn', 25, 2009, 'C11401-S'),
('ECN202', 'SBE', 1, 'Autumn', 29, 2020, 'C11302-S'),
('ECN202', 'SBE', 1, 'Spring', 21, 2020, 'C11201-S'),
('ECN202', 'SBE', 1, 'Spring', 18, 2021, 'BC2014-S'),
('ECN202', 'SBE', 1, 'Summer', 43, 2009, 'C11202-S'),
('ECN202', 'SBE', 1, 'Summer', 22, 2020, 'C11202-S'),
('ECN202', 'SBE', 1, 'Summer', 32, 2021, 'BC2020-S'),
('ECN202', 'SBE', 2, 'Autumn', 22, 2009, 'C11202-S'),
('ECN202', 'SBE', 2, 'Autumn', 44, 2020, 'C11202-S'),
('ECN202', 'SBE', 2, 'Spring', 37, 2009, 'C10210-S'),
('ECN202', 'SBE', 2, 'Spring', 18, 2020, 'C11201-S'),
('ECN202', 'SBE', 2, 'Spring', 51, 2021, 'BC3011-S'),
('ECN202', 'SBE', 2, 'Summer', 7, 2020, 'C11201-S'),
('ECN202', 'SBE', 2, 'Summer', 16, 2021, 'BC2013-S'),
('ECN202', 'SBE', 3, 'Autumn', 20, 2009, 'C11202-S'),
('ECN202', 'SBE', 3, 'Autumn', 38, 2020, 'C11302-S'),
('ECN202', 'SBE', 3, 'Spring', 26, 2009, 'C10210-S'),
('ECN202', 'SBE', 3, 'Spring', 28, 2020, 'C11201-S'),
('ECN202', 'SBE', 3, 'Spring', 25, 2021, 'BC2013-S'),
('ECN202', 'SBE', 3, 'Summer', 0, 2021, 'BC3012-S'),
('ECN202', 'SBE', 4, 'Autumn', 41, 2009, 'C11202-S'),
('ECN202', 'SBE', 4, 'Autumn', 45, 2020, 'C11402-S'),
('ECN202', 'SBE', 4, 'Spring', 5, 2009, 'C10210-S'),
('ECN202', 'SBE', 4, 'Spring', 14, 2020, 'C11402-S'),
('ECN202', 'SBE', 4, 'Spring', 24, 2021, 'BC2014-S'),
('ECN202', 'SBE', 5, 'Spring', 14, 2009, 'C10210-S'),
('ECN202', 'SBE', 5, 'Spring', 25, 2021, 'BC2012-S'),
('ECN203', 'SBE', 1, 'Autumn', 2, 2020, 'C11303-S'),
('ECN203', 'SBE', 1, 'Spring', 5, 2020, 'C11303-S'),
('ECN220', 'SBE', 1, 'Autumn', 8, 2020, 'C11303-S'),
('ECN301', 'SBE', 1, 'Autumn', 16, 2009, 'C11303-S'),
('ECN301', 'SBE', 1, 'Autumn', 13, 2020, 'C11401-S'),
('ECN301', 'SBE', 1, 'Spring', 19, 2020, 'C11201-S'),
('ECN301', 'SBE', 1, 'Spring', 14, 2021, 'BC2013-S'),
('ECN301', 'SBE', 1, 'Summer', 7, 2021, 'BC4012-S'),
('ECN302', 'SBE', 1, 'Autumn', 12, 2009, 'C11401-S'),
('ECN302', 'SBE', 1, 'Autumn', 10, 2020, 'C11401-S'),
('ECN302', 'SBE', 1, 'Spring', 20, 2020, 'C11402-S'),
('ECN302', 'SBE', 1, 'Spring', 7, 2021, 'BC4012-S'),
('ECN302', 'SBE', 1, 'Summer', 12, 2020, 'C9402-S'),
('ECN302', 'SBE', 1, 'Summer', 0, 2021, 'BC4014-S'),
('ECN303', 'SBE', 1, 'Spring', 6, 2020, 'C11303-S'),
('ECN303', 'SBE', 1, 'Spring', 6, 2021, 'BC3008-S'),
('ECN308', 'SBE', 1, 'Autumn', 21, 2020, 'C11303-S'),
('ECN308', 'SBE', 1, 'Spring', 10, 2021, 'BC4012-S'),
('ECN308', 'SBE', 1, 'Summer', 5, 2021, 'BC2023-S'),
('ECN309', 'SBE', 1, 'Summer', 11, 2020, 'C11302-S'),
('ECN310', 'SBE', 1, 'Summer', 11, 2020, 'C11303-S'),
('ECN310', 'SBE', 1, 'Summer', 6, 2021, 'BC4011-S'),
('ECN320', 'SBE', 1, 'Spring', 10, 2021, 'BC2021-S'),
('ECN330', 'SBE', 1, 'Autumn', 4, 2009, 'C11402-S'),
('ECN330', 'SBE', 1, 'Autumn', 23, 2020, 'C11201-S'),
('ECN330', 'SBE', 1, 'Spring', 13, 2020, 'C11302-S'),
('ECN330', 'SBE', 1, 'Spring', 12, 2021, 'BC3008-S'),
('ECN350', 'SBE', 1, 'Spring', 17, 2020, 'C11202-S'),
('ECN350', 'SBE', 1, 'Spring', 12, 2021, 'BC2021-S'),
('ECN350', 'SELS', 1, 'Autumn', 33, 2020, 'C11302-S'),
('ECN351', 'SBE', 1, 'Autumn', 8, 2020, 'C11301-S'),
('ECN360', 'SBE', 1, 'Autumn', 7, 2009, 'C11303-S'),
('ECN401', 'SBE', 1, 'Spring', 7, 2021, 'BC2009-S'),
('ECN402', 'SBE', 1, 'Spring', 7, 2021, 'BC2012-S'),
('ECN430', 'SBE', 1, 'Autumn', 11, 2009, 'C11202-S'),
('ECN430', 'SBE', 1, 'Summer', 15, 2020, 'C11202-S'),
('ECN490', 'SBE', 1, 'Spring', 3, 2021, 'BC2012-S'),
('ECR101', 'SETS', 1, 'Autumn', 35, 2009, 'C8205-S'),
('ECR101', 'SETS', 1, 'Autumn', 29, 2020, 'C8600-S'),
('ECR101', 'SETS', 1, 'Spring', 31, 2020, 'C8600-S'),
('ECR101', 'SETS', 1, 'Spring', 25, 2021, 'BC5013-S'),
('ECR101', 'SETS', 1, 'Summer', 11, 2020, 'C8506-S'),
('ECR101', 'SETS', 1, 'Summer', 8, 2021, 'BC6012-S'),
('ECR101L', 'SETS', 1, 'Autumn', 27, 2009, 'C8ELab-S'),
('ECR101L', 'SETS', 1, 'Autumn', 24, 2020, 'C10ELab-S'),
('ECR101L', 'SETS', 1, 'Spring', 22, 2020, 'C10ELab-S'),
('ECR101L', 'SETS', 1, 'Spring', 23, 2021, 'ELab-S'),
('ECR101L', 'SETS', 1, 'Summer', 4, 2020, 'C10ELab-S'),
('ECR101L', 'SETS', 1, 'Summer', 6, 2021, 'ECRLab-S'),
('ECR205', 'SETS', 1, 'Autumn', 19, 2020, 'C8506-S'),
('ECR205', 'SETS', 1, 'Spring', 27, 2021, 'BC6008-S'),
('ECR205', 'SETS', 1, 'Summer', 7, 2020, 'C8506-S'),
('ECR205', 'SETS', 1, 'Summer', 23, 2021, 'BC6008-S'),
('ECR205L', 'SETS', 1, 'Autumn', 22, 2020, 'C10ELab-S'),
('ECR205L', 'SETS', 1, 'Spring', 26, 2021, 'ELab-S'),
('ECR205L', 'SETS', 1, 'Summer', 14, 2020, 'C10ELab-S'),
('ECR205L', 'SETS', 1, 'Summer', 24, 2021, 'ELab-S'),
('ECR205L', 'SETS', 2, 'Spring', 13, 2009, 'C10210-S'),
('ECR206', 'SETS', 1, 'Autumn', 12, 2009, 'C8506-S'),
('ECR206', 'SETS', 1, 'Autumn', 22, 2020, 'C8506-S'),
('ECR206', 'SETS', 1, 'Spring', 15, 2020, 'C8505-S'),
('ECR206', 'SETS', 1, 'Spring', 19, 2021, 'BC6013-S'),
('ECR206', 'SETS', 1, 'Summer', 14, 2009, 'C8600-S'),
('ECR206', 'SETS', 1, 'Summer', 5, 2020, 'C8505-S'),
('ECR206', 'SETS', 1, 'Summer', 13, 2021, 'BC5013-S'),
('ECR206L', 'SETS', 1, 'Autumn', 8, 2009, 'C8ELab-S'),
('ECR206L', 'SETS', 1, 'Autumn', 23, 2020, 'C10ELab-S'),
('ECR206L', 'SETS', 1, 'Spring', 15, 2020, 'C10ELab-S'),
('ECR206L', 'SETS', 1, 'Spring', 20, 2021, 'ELab-S'),
('ECR206L', 'SETS', 1, 'Summer', 11, 2009, 'C10ELab-S'),
('ECR206L', 'SETS', 1, 'Summer', 3, 2020, 'C10ELab-S'),
('ECR206L', 'SETS', 1, 'Summer', 10, 2021, 'ELab-S'),
('ECR207', 'SETS', 1, 'Autumn', 13, 2009, 'C8304L-S'),
('ECR207', 'SETS', 1, 'Autumn', 4, 2020, 'C10320-S'),
('ECR207', 'SETS', 1, 'Spring', 14, 2021, 'BC5013-S'),
('ECR207', 'SETS', 1, 'Summer', 19, 2009, 'C10206-S'),
('ECR207', 'SETS', 1, 'Summer', 10, 2020, 'C8506-S'),
('ECR207', 'SETS', 1, 'Summer', 11, 2021, 'BC5013-S'),
('ECR207L', 'SETS', 1, 'Autumn', 13, 2009, 'C10ELab-S'),
('ECR207L', 'SETS', 1, 'Autumn', 4, 2020, 'C10ELab-S'),
('ECR207L', 'SETS', 1, 'Spring', 8, 2020, 'C10ELab-S'),
('ECR207L', 'SETS', 1, 'Spring', 15, 2021, 'ELab-S'),
('ECR207L', 'SETS', 1, 'Summer', 20, 2009, 'C8ELab-S'),
('ECR207L', 'SETS', 1, 'Summer', 8, 2020, 'C10ELab-S'),
('ECR207L', 'SETS', 1, 'Summer', 11, 2021, 'ELab-S'),
('ECR209', 'SETS', 1, 'Autumn', 16, 2020, 'C8506-S'),
('ECR209', 'SETS', 1, 'Spring', 31, 2021, 'BC6007-S'),
('ECR209', 'SETS', 1, 'Summer', 20, 2021, 'BC6009-S'),
('ECR209L', 'SETS', 1, 'Autumn', 16, 2020, 'C10ELab-S'),
('ECR209L', 'SETS', 1, 'Spring', 32, 2021, 'ELab-S'),
('ECR209L', 'SETS', 1, 'Summer', 15, 2021, 'ELab-S'),
('ECR301', 'SETS', 1, 'Autumn', 20, 2020, 'C8601-S'),
('ECR301', 'SETS', 1, 'Spring', 6, 2020, 'C8505-S'),
('ECR301', 'SETS', 1, 'Spring', 18, 2021, 'BC5014-S'),
('ECR301', 'SETS', 1, 'Summer', 0, 2020, 'C8505-S'),
('ECR301', 'SETS', 1, 'Summer', 13, 2021, 'BC5013-S'),
('ECR301L', 'SETS', 1, 'Autumn', 20, 2020, 'C10ELab-S'),
('ECR301L', 'SETS', 1, 'Spring', 6, 2020, 'C10ELab-S'),
('ECR301L', 'SETS', 1, 'Spring', 19, 2021, 'ELab-S'),
('ECR301L', 'SETS', 1, 'Summer', 0, 2020, 'C10ELab-S'),
('ECR301L', 'SETS', 1, 'Summer', 13, 2021, 'EEELab-S'),
('ECR305', 'SETS', 1, 'Autumn', 9, 2009, 'C10320-S'),
('ECR305', 'SETS', 1, 'Autumn', 14, 2020, 'C10320-S'),
('ECR305', 'SETS', 1, 'Spring', 5, 2020, 'C10320-S'),
('ECR305', 'SETS', 1, 'Spring', 14, 2021, 'BC6009-S'),
('ECR305', 'SETS', 1, 'Summer', 19, 2021, 'BC5013-S'),
('ECR305L', 'SETS', 1, 'Autumn', 9, 2009, 'C8ELab-S'),
('ECR305L', 'SETS', 1, 'Autumn', 14, 2020, 'C10ELab-S'),
('ECR305L', 'SETS', 1, 'Spring', 3, 2020, 'C10ELab-S'),
('ECR305L', 'SETS', 1, 'Spring', 13, 2021, 'ELab-S'),
('ECR305L', 'SETS', 1, 'Summer', 19, 2021, 'EEELab-S'),
('ECR407', 'SETS', 1, 'Autumn', 11, 2020, 'C8601-S'),
('ECR407', 'SETS', 1, 'Spring', 40, 2020, 'C8505-S'),
('ECR407', 'SETS', 1, 'Spring', 16, 2021, 'BC5014-S'),
('ECR407L', 'SETS', 1, 'Autumn', 11, 2020, 'C10ELab-S'),
('ECR407L', 'SETS', 1, 'Spring', 21, 2020, 'C10ELab-S'),
('ECR407L', 'SETS', 1, 'Spring', 17, 2021, 'ELab-S'),
('ECR407L', 'SETS', 2, 'Autumn', 9, 2009, 'C10ELab-S'),
('ECR407L', 'SETS', 2, 'Spring', 17, 2020, 'C10ELab-S'),
('ECR433', 'SETS', 1, 'Autumn', 38, 2009, 'C8506-S'),
('ECR433', 'SETS', 1, 'Autumn', 41, 2020, 'C8506-S'),
('ECR433', 'SETS', 1, 'Spring', 13, 2020, 'C8505-S'),
('ECR433', 'SETS', 1, 'Spring', 34, 2021, 'BC6013-S'),
('ECR433', 'SETS', 1, 'Summer', 38, 2021, 'BC6008-S'),
('EEE303', 'SETS', 1, 'Autumn', 13, 2009, 'C8505-S'),
('EEE303', 'SETS', 1, 'Autumn', 11, 2020, 'C8505-S'),
('EEE303', 'SETS', 1, 'Spring', 22, 2020, 'C8505-S'),
('EEE303', 'SETS', 1, 'Spring', 10, 2021, 'BC5014-S'),
('EEE303L', 'SETS', 1, 'Autumn', 16, 2009, 'C10EL1-S'),
('EEE303L', 'SETS', 1, 'Autumn', 13, 2020, 'C10ELab-S'),
('EEE303L', 'SETS', 1, 'Spring', 22, 2020, 'C10ELab-S'),
('EEE303L', 'SETS', 1, 'Spring', 13, 2021, 'ELab-S'),
('EEE304', 'SETS', 1, 'Spring', 18, 2020, 'C8600-S'),
('EEE308', 'SETS', 1, 'Autumn', 15, 2020, 'C8601-S'),
('EEE308', 'SETS', 1, 'Spring', 26, 2021, 'BC6013-S'),
('EEE308L', 'SETS', 1, 'Autumn', 10, 2020, 'C10ELab-S'),
('EEE308L', 'SETS', 1, 'Spring', 24, 2021, 'ELab-S'),
('EEE402', 'SETS', 1, 'Autumn', 12, 2020, 'C10206-S'),
('EEE402', 'SETS', 1, 'Spring', 1, 2020, 'C10320-S'),
('EEE402', 'SETS', 1, 'Spring', 6, 2021, 'BC5013-S'),
('EEE402', 'SETS', 1, 'Summer', 29, 2020, 'C10206-S'),
('EEE404', 'SETS', 1, 'Spring', 14, 2020, 'C8506-S'),
('EEE406', 'SETS', 1, 'Spring', 13, 2020, 'C8506-S'),
('EEE413', 'SETS', 1, 'Autumn', 16, 2020, 'C8205-S'),
('EEE413', 'SETS', 1, 'Spring', 18, 2020, 'C8505-S'),
('EEE413', 'SETS', 1, 'Spring', 16, 2021, 'BC6009-S'),
('EEE413L', 'SETS', 1, 'Autumn', 16, 2020, 'C10ELab-S'),
('EEE413L', 'SETS', 1, 'Spring', 18, 2020, 'C10ELab-S'),
('EEE413L', 'SETS', 1, 'Spring', 16, 2021, 'ELab-S'),
('EEE414', 'SETS', 1, 'Spring', 5, 2021, 'BC6007-S'),
('EEE414', 'SETS', 1, 'Summer', 1, 2021, 'PLab-S'),
('EEE498', 'SETS', 1, 'Autumn', 3, 2020, 'C8205-S'),
('EEE498', 'SETS', 1, 'Spring', 2, 2020, 'C8205-S'),
('EEE498', 'SETS', 1, 'Spring', 12, 2021, 'BC2012-S'),
('EEE498', 'SETS', 1, 'Summer', 1, 2020, 'C8205-S'),
('EEE498', 'SETS', 1, 'Summer', 2, 2021, 'BC3002-S'),
('EEE499', 'SETS', 1, 'Autumn', 5, 2020, 'C8303-S'),
('EEE499', 'SETS', 1, 'Spring', 3, 2020, 'C8205-S'),
('EEE499', 'SETS', 1, 'Spring', 9, 2021, 'BC6008-S'),
('EEE499', 'SETS', 1, 'Summer', 0, 2009, 'C8206-S'),
('EEE499', 'SETS', 1, 'Summer', 4, 2020, 'C8205-S'),
('EEE499', 'SETS', 1, 'Summer', 7, 2021, 'BC2023-S'),
('ELT201', 'SLASS', 1, 'Autumn', 0, 2020, 'C11301-S'),
('ELT201', 'SLASS', 1, 'Spring', 0, 2020, 'C9401-S'),
('ELT201', 'SLASS', 1, 'Spring', 4, 2021, 'BC7015-S'),
('ENG101', 'SLASS', 1, 'Autumn', 27, 2009, 'C10206-S'),
('ENG101', 'SLASS', 1, 'Autumn', 24, 2020, 'C11301-S'),
('ENG101', 'SLASS', 1, 'Spring', 23, 2020, 'C10206-S'),
('ENG101', 'SLASS', 1, 'Spring', 31, 2021, 'BC7015-S'),
('ENG101', 'SLASS', 1, 'Summer', 30, 2009, 'C4411-S'),
('ENG101', 'SLASS', 1, 'Summer', 24, 2020, 'C11202-S'),
('ENG101', 'SLASS', 1, 'Summer', 32, 2021, 'BC3011-S'),
('ENG101', 'SLASS', 2, 'Autumn', 25, 2009, 'C8601-S'),
('ENG101', 'SLASS', 2, 'Autumn', 22, 2020, 'C4411-S'),
('ENG101', 'SLASS', 2, 'Spring', 29, 2009, 'C10210-S'),
('ENG101', 'SLASS', 2, 'Spring', 26, 2020, 'C10206-S'),
('ENG101', 'SLASS', 2, 'Spring', 29, 2021, 'BC4010-S'),
('ENG101', 'SLASS', 2, 'Summer', 27, 2009, 'C11202-S'),
('ENG101', 'SLASS', 2, 'Summer', 22, 2020, 'C8205-S'),
('ENG101', 'SLASS', 2, 'Summer', 31, 2021, 'BC6007-S'),
('ENG101', 'SLASS', 3, 'Autumn', 25, 2009, 'C10210-S'),
('ENG101', 'SLASS', 3, 'Autumn', 25, 2020, 'C11201-S'),
('ENG101', 'SLASS', 3, 'Spring', 29, 2009, 'C10210-S'),
('ENG101', 'SLASS', 3, 'Spring', 22, 2020, 'C9601-S'),
('ENG101', 'SLASS', 3, 'Spring', 28, 2021, 'BC7015-S'),
('ENG101', 'SLASS', 3, 'Summer', 25, 2009, 'C10206-S'),
('ENG101', 'SLASS', 3, 'Summer', 25, 2020, 'C11201-S'),
('ENG101', 'SLASS', 3, 'Summer', 31, 2021, 'BC2022-S'),
('ENG101', 'SLASS', 4, 'Autumn', 26, 2009, 'C10206-S'),
('ENG101', 'SLASS', 4, 'Autumn', 16, 2020, 'C11201-S');
INSERT INTO `section_t` (`courseid`, `school_title`, `section_number`, `semester_name`, `std_enrolled`, `semester_year`, `room_id`) VALUES
('ENG101', 'SLASS', 4, 'Spring', 29, 2009, 'C10210-S'),
('ENG101', 'SLASS', 4, 'Spring', 26, 2020, 'C9602-S'),
('ENG101', 'SLASS', 4, 'Spring', 28, 2021, 'BC4014-S'),
('ENG101', 'SLASS', 4, 'Summer', 25, 2009, 'C4411-S'),
('ENG101', 'SLASS', 4, 'Summer', 20, 2020, 'C4503-S'),
('ENG101', 'SLASS', 4, 'Summer', 31, 2021, 'BC4014-S'),
('ENG101', 'SLASS', 5, 'Autumn', 28, 2009, 'C8600-S'),
('ENG101', 'SLASS', 5, 'Autumn', 17, 2020, 'C11401-S'),
('ENG101', 'SLASS', 5, 'Spring', 31, 2009, 'C10210-S'),
('ENG101', 'SLASS', 5, 'Spring', 24, 2020, 'C10206-S'),
('ENG101', 'SLASS', 5, 'Spring', 30, 2021, 'BC3010-S'),
('ENG101', 'SLASS', 5, 'Summer', 25, 2009, 'C10206-S'),
('ENG101', 'SLASS', 5, 'Summer', 24, 2020, 'C9302-S'),
('ENG101', 'SLASS', 5, 'Summer', 29, 2021, 'BC3012-S'),
('ENG101', 'SLASS', 6, 'Autumn', 25, 2009, 'C8505-S'),
('ENG101', 'SLASS', 6, 'Autumn', 30, 2020, 'C11201-S'),
('ENG101', 'SLASS', 6, 'Spring', 30, 2009, 'C10210-S'),
('ENG101', 'SLASS', 6, 'Spring', 23, 2020, 'C9601-S'),
('ENG101', 'SLASS', 6, 'Spring', 32, 2021, 'BC4011-S'),
('ENG101', 'SLASS', 6, 'Summer', 24, 2009, 'C11301-S'),
('ENG101', 'SLASS', 6, 'Summer', 23, 2020, 'C8600-S'),
('ENG101', 'SLASS', 6, 'Summer', 31, 2021, 'BC7015-S'),
('ENG101', 'SLASS', 7, 'Autumn', 26, 2009, 'C10210-S'),
('ENG101', 'SLASS', 7, 'Autumn', 25, 2020, 'C11201-S'),
('ENG101', 'SLASS', 7, 'Spring', 25, 2009, 'C10210-S'),
('ENG101', 'SLASS', 7, 'Spring', 25, 2020, 'C9401-S'),
('ENG101', 'SLASS', 7, 'Spring', 28, 2021, 'BC4012-S'),
('ENG101', 'SLASS', 7, 'Summer', 25, 2009, 'C11301-S'),
('ENG101', 'SLASS', 7, 'Summer', 26, 2020, 'C10206-S'),
('ENG101', 'SLASS', 7, 'Summer', 28, 2021, 'BC5013-S'),
('ENG101', 'SLASS', 8, 'Autumn', 24, 2009, 'C10210-S'),
('ENG101', 'SLASS', 8, 'Autumn', 22, 2020, 'C4306-S'),
('ENG101', 'SLASS', 8, 'Spring', 27, 2009, 'C10210-S'),
('ENG101', 'SLASS', 8, 'Spring', 24, 2020, 'C8506-S'),
('ENG101', 'SLASS', 8, 'Spring', 25, 2021, 'BC4014-S'),
('ENG101', 'SLASS', 8, 'Summer', 18, 2009, 'C9401-S'),
('ENG101', 'SLASS', 8, 'Summer', 25, 2020, 'C11401-S'),
('ENG101', 'SLASS', 8, 'Summer', 21, 2021, 'BC3010-S'),
('ENG101', 'SLASS', 9, 'Autumn', 25, 2009, 'C1301-S'),
('ENG101', 'SLASS', 9, 'Autumn', 0, 2020, 'C11301-S'),
('ENG101', 'SLASS', 9, 'Spring', 27, 2009, 'C10210-S'),
('ENG101', 'SLASS', 9, 'Spring', 20, 2020, 'C9401-S'),
('ENG101', 'SLASS', 9, 'Spring', 30, 2021, 'BC4010-S'),
('ENG101', 'SLASS', 9, 'Summer', 0, 2009, 'C9402-S'),
('ENG101', 'SLASS', 9, 'Summer', 22, 2020, 'C5101-S'),
('ENG101', 'SLASS', 9, 'Summer', 27, 2021, 'BC5012-S'),
('ENG101', 'SLASS', 10, 'Autumn', 18, 2020, 'C8506-S'),
('ENG101', 'SLASS', 10, 'Spring', 18, 2009, 'C10210-S'),
('ENG101', 'SLASS', 10, 'Spring', 24, 2020, 'C8600-S'),
('ENG101', 'SLASS', 10, 'Spring', 25, 2021, 'BC5012-S'),
('ENG101', 'SLASS', 10, 'Summer', 22, 2020, 'C4411-S'),
('ENG101', 'SLASS', 10, 'Summer', 29, 2021, 'BC5014-S'),
('ENG101', 'SLASS', 11, 'Autumn', 20, 2020, 'C9201-S'),
('ENG101', 'SLASS', 11, 'Spring', 14, 2009, 'C10210-S'),
('ENG101', 'SLASS', 11, 'Spring', 25, 2020, 'C10210-S'),
('ENG101', 'SLASS', 11, 'Spring', 31, 2021, 'BC4013-S'),
('ENG101', 'SLASS', 12, 'Autumn', 0, 2020, 'C4502-S'),
('ENG101', 'SLASS', 12, 'Spring', 22, 2009, 'C10210-S'),
('ENG101', 'SLASS', 12, 'Spring', 24, 2020, 'C10210-S'),
('ENG101', 'SLASS', 12, 'Spring', 28, 2021, 'BC7016-S'),
('ENG101', 'SLASS', 13, 'Spring', 23, 2020, 'C10206-S'),
('ENG101', 'SLASS', 13, 'Spring', 28, 2021, 'BC4010-S'),
('ENG101', 'SLASS', 14, 'Spring', 21, 2020, 'C11201-S'),
('ENG101', 'SLASS', 14, 'Spring', 27, 2021, 'BC4012-S'),
('ENG101', 'SLASS', 15, 'Spring', 24, 2020, 'C11402-S'),
('ENG101', 'SLASS', 15, 'Spring', 30, 2021, 'BC4011-S'),
('ENG101', 'SLASS', 16, 'Spring', 21, 2020, 'C10210-S'),
('ENG101', 'SLASS', 16, 'Spring', 28, 2021, 'BC4013-S'),
('ENG101', 'SLASS', 17, 'Spring', 21, 2020, 'C10210-S'),
('ENG101', 'SLASS', 17, 'Spring', 30, 2021, 'BC2022-S'),
('ENG101', 'SLASS', 18, 'Spring', 30, 2021, 'BC3012-S'),
('ENG101', 'SLASS', 19, 'Spring', 27, 2021, 'BC7015-S'),
('ENG101', 'SLASS', 20, 'Spring', 28, 2021, 'BC7016-S'),
('ENG101', 'SLASS', 21, 'Spring', 33, 2021, 'BC7016-S'),
('ENG101', 'SLASS', 22, 'Spring', 28, 2021, 'BC7016-S'),
('ENG101', 'SLASS', 23, 'Spring', 14, 2021, 'BC7015-S'),
('ENG102', 'SLASS', 1, 'Autumn', 15, 2009, 'C11201-S'),
('ENG102', 'SLASS', 1, 'Autumn', 29, 2020, 'C11301-S'),
('ENG102', 'SLASS', 1, 'Spring', 21, 2020, 'C11301-S'),
('ENG102', 'SLASS', 1, 'Spring', 21, 2021, 'BC4011-S'),
('ENG102', 'SLASS', 1, 'Summer', 26, 2009, 'C10320-S'),
('ENG102', 'SLASS', 1, 'Summer', 23, 2020, 'C4306-S'),
('ENG102', 'SLASS', 1, 'Summer', 28, 2021, 'BC6007-S'),
('ENG102', 'SLASS', 2, 'Autumn', 25, 2009, 'C8201-S'),
('ENG102', 'SLASS', 2, 'Autumn', 27, 2020, 'C9201-S'),
('ENG102', 'SLASS', 2, 'Spring', 28, 2009, 'C10210-S'),
('ENG102', 'SLASS', 2, 'Spring', 0, 2020, 'C8506-S'),
('ENG102', 'SLASS', 2, 'Spring', 25, 2021, 'BC7016-S'),
('ENG102', 'SLASS', 2, 'Summer', 25, 2009, 'C10206-S'),
('ENG102', 'SLASS', 2, 'Summer', 23, 2020, 'C8201-S'),
('ENG102', 'SLASS', 2, 'Summer', 34, 2021, 'BC6007-S'),
('ENG102', 'SLASS', 3, 'Autumn', 26, 2020, 'C9201-S'),
('ENG102', 'SLASS', 3, 'Spring', 25, 2009, 'C10210-S'),
('ENG102', 'SLASS', 3, 'Spring', 23, 2020, 'C11302-S'),
('ENG102', 'SLASS', 3, 'Spring', 26, 2021, 'BC4011-S'),
('ENG102', 'SLASS', 3, 'Summer', 25, 2009, 'C4406-S'),
('ENG102', 'SLASS', 3, 'Summer', 26, 2020, 'C10210-S'),
('ENG102', 'SLASS', 3, 'Summer', 33, 2021, 'BC3012-S'),
('ENG102', 'SLASS', 4, 'Autumn', 26, 2020, 'C11201-S'),
('ENG102', 'SLASS', 4, 'Spring', 28, 2009, 'C10210-S'),
('ENG102', 'SLASS', 4, 'Spring', 0, 2020, 'C9603-S'),
('ENG102', 'SLASS', 4, 'Spring', 24, 2021, 'BC4010-S'),
('ENG102', 'SLASS', 4, 'Summer', 20, 2009, 'C9501-S'),
('ENG102', 'SLASS', 4, 'Summer', 0, 2020, 'A4204-S'),
('ENG102', 'SLASS', 4, 'Summer', 24, 2021, 'BC4013-S'),
('ENG102', 'SLASS', 5, 'Autumn', 27, 2020, 'C9301-S'),
('ENG102', 'SLASS', 5, 'Spring', 23, 2009, 'C10210-S'),
('ENG102', 'SLASS', 5, 'Spring', 15, 2020, 'C8206-S'),
('ENG102', 'SLASS', 5, 'Spring', 25, 2021, 'BC4010-S'),
('ENG102', 'SLASS', 5, 'Summer', 25, 2009, 'C9402-S'),
('ENG102', 'SLASS', 5, 'Summer', 24, 2020, 'C9201-S'),
('ENG102', 'SLASS', 5, 'Summer', 23, 2021, 'BC3012-S'),
('ENG102', 'SLASS', 6, 'Autumn', 27, 2020, 'C11301-S'),
('ENG102', 'SLASS', 6, 'Spring', 30, 2009, 'C10210-S'),
('ENG102', 'SLASS', 6, 'Spring', 25, 2021, 'BC4011-S'),
('ENG102', 'SLASS', 6, 'Summer', 24, 2009, 'C11301-S'),
('ENG102', 'SLASS', 6, 'Summer', 28, 2020, 'C9602-S'),
('ENG102', 'SLASS', 6, 'Summer', 33, 2021, 'BC3008-S'),
('ENG102', 'SLASS', 7, 'Autumn', 0, 2020, 'C11201-S'),
('ENG102', 'SLASS', 7, 'Spring', 30, 2009, 'C10210-S'),
('ENG102', 'SLASS', 7, 'Spring', 33, 2020, 'C8600-S'),
('ENG102', 'SLASS', 7, 'Spring', 23, 2021, 'BC4012-S'),
('ENG102', 'SLASS', 7, 'Summer', 24, 2009, 'C11201-S'),
('ENG102', 'SLASS', 7, 'Summer', 27, 2020, 'C11401-S'),
('ENG102', 'SLASS', 7, 'Summer', 26, 2021, 'BC6008-S'),
('ENG102', 'SLASS', 8, 'Autumn', 22, 2020, 'C11301-S'),
('ENG102', 'SLASS', 8, 'Spring', 30, 2009, 'C10210-S'),
('ENG102', 'SLASS', 8, 'Spring', 0, 2020, 'C9402-S'),
('ENG102', 'SLASS', 8, 'Spring', 24, 2021, 'BC4013-S'),
('ENG102', 'SLASS', 8, 'Summer', 24, 2009, 'C11401-S'),
('ENG102', 'SLASS', 8, 'Summer', 25, 2020, 'C4503-S'),
('ENG102', 'SLASS', 8, 'Summer', 11, 2021, 'BC6013-S'),
('ENG102', 'SLASS', 9, 'Autumn', 27, 2020, 'C11301-S'),
('ENG102', 'SLASS', 9, 'Spring', 29, 2009, 'C10210-S'),
('ENG102', 'SLASS', 9, 'Spring', 15, 2020, 'C8600-S'),
('ENG102', 'SLASS', 9, 'Summer', 23, 2020, 'C8506-S'),
('ENG102', 'SLASS', 9, 'Summer', 31, 2021, 'BC6012-S'),
('ENG102', 'SLASS', 10, 'Autumn', 32, 2020, 'C11402-S'),
('ENG102', 'SLASS', 10, 'Spring', 29, 2009, 'C10210-S'),
('ENG102', 'SLASS', 10, 'Summer', 25, 2020, 'C4503-S'),
('ENG102', 'SLASS', 10, 'Summer', 34, 2021, 'BC3009-S'),
('ENG102', 'SLASS', 11, 'Autumn', 17, 2020, 'C11402-S'),
('ENG102', 'SLASS', 11, 'Spring', 15, 2009, 'C10210-S'),
('ENG102', 'SLASS', 11, 'Summer', 23, 2020, 'C4306-S'),
('ENG102', 'SLASS', 11, 'Summer', 29, 2021, 'BC6013-S'),
('ENG102', 'SLASS', 12, 'Spring', 29, 2009, 'C10210-S'),
('ENG102', 'SLASS', 12, 'Summer', 24, 2020, 'C4406-S'),
('ENG102', 'SLASS', 12, 'Summer', 27, 2021, 'BC7016-S'),
('ENG104', 'SLASS', 1, 'Autumn', 0, 2009, 'C1301-S'),
('ENG104', 'SLASS', 1, 'Autumn', 10, 2020, 'C11201-S'),
('ENG104', 'SLASS', 1, 'Spring', 15, 2020, 'C4503-S'),
('ENG104', 'SLASS', 1, 'Summer', 8, 2009, 'C1301-S'),
('ENG104', 'SLASS', 1, 'Summer', 6, 2020, 'C4306-S'),
('ENG104', 'SLASS', 2, 'Autumn', 27, 2009, 'C8201-S'),
('ENG104', 'SLASS', 2, 'Spring', 13, 2009, 'C10210-S'),
('ENG104', 'SLASS', 2, 'Spring', 7, 2020, 'C10206-S'),
('ENG104', 'SLASS', 2, 'Summer', 27, 2009, 'C8506-S'),
('ENG104', 'SLASS', 3, 'Autumn', 28, 2009, 'C10206-S'),
('ENG104', 'SLASS', 3, 'Spring', 33, 2009, 'C10210-S'),
('ENG104', 'SLASS', 4, 'Autumn', 26, 2009, 'C10206-S'),
('ENG104', 'SLASS', 4, 'Spring', 28, 2009, 'C10210-S'),
('ENG104', 'SLASS', 4, 'Spring', 0, 2020, 'C11202-S'),
('ENG104', 'SLASS', 5, 'Autumn', 0, 2009, 'C11402-S'),
('ENG105', 'SLASS', 1, 'Autumn', 29, 2009, 'C8201-S'),
('ENG105', 'SLASS', 1, 'Autumn', 31, 2020, 'C11201-S'),
('ENG105', 'SLASS', 1, 'Spring', 31, 2021, 'BC4011-S'),
('ENG105', 'SLASS', 1, 'Summer', 11, 2009, 'C1301-S'),
('ENG105', 'SLASS', 1, 'Summer', 24, 2020, 'C4406-S'),
('ENG105', 'SLASS', 1, 'Summer', 26, 2021, 'BC3012-S'),
('ENG105', 'SLASS', 2, 'Autumn', 32, 2009, 'C8205-S'),
('ENG105', 'SLASS', 2, 'Autumn', 29, 2020, 'C11201-S'),
('ENG105', 'SLASS', 2, 'Spring', 34, 2009, 'C10210-S'),
('ENG105', 'SLASS', 2, 'Spring', 29, 2020, 'C11301-S'),
('ENG105', 'SLASS', 2, 'Spring', 31, 2021, 'BC4012-S'),
('ENG105', 'SLASS', 2, 'Summer', 27, 2009, 'C9601-S'),
('ENG105', 'SLASS', 2, 'Summer', 28, 2020, 'C4406-S'),
('ENG105', 'SLASS', 2, 'Summer', 24, 2021, 'BC6013-S'),
('ENG105', 'SLASS', 3, 'Autumn', 30, 2009, 'C11402-S'),
('ENG105', 'SLASS', 3, 'Autumn', 26, 2020, 'C11301-S'),
('ENG105', 'SLASS', 3, 'Spring', 28, 2009, 'C10210-S'),
('ENG105', 'SLASS', 3, 'Spring', 1, 2020, 'C11401-S'),
('ENG105', 'SLASS', 3, 'Spring', 30, 2021, 'BC4012-S'),
('ENG105', 'SLASS', 3, 'Summer', 25, 2009, 'C4406-S'),
('ENG105', 'SLASS', 3, 'Summer', 28, 2020, 'C4411-S'),
('ENG105', 'SLASS', 3, 'Summer', 23, 2021, 'BC2009-S'),
('ENG105', 'SLASS', 4, 'Autumn', 30, 2009, 'C10210-S'),
('ENG105', 'SLASS', 4, 'Autumn', 26, 2020, 'C4306-S'),
('ENG105', 'SLASS', 4, 'Spring', 30, 2009, 'C10210-S'),
('ENG105', 'SLASS', 4, 'Spring', 26, 2020, 'C10206-S'),
('ENG105', 'SLASS', 4, 'Spring', 30, 2021, 'BC5014-S'),
('ENG105', 'SLASS', 4, 'Summer', 24, 2009, 'C8201-S'),
('ENG105', 'SLASS', 4, 'Summer', 22, 2020, 'C11201-S'),
('ENG105', 'SLASS', 4, 'Summer', 30, 2021, 'BC4014-S'),
('ENG105', 'SLASS', 5, 'Autumn', 33, 2009, 'C8601-S'),
('ENG105', 'SLASS', 5, 'Autumn', 25, 2020, 'C9201-S'),
('ENG105', 'SLASS', 5, 'Spring', 25, 2009, 'C10210-S'),
('ENG105', 'SLASS', 5, 'Spring', 22, 2020, 'C11302-S'),
('ENG105', 'SLASS', 5, 'Spring', 31, 2021, 'BC4013-S'),
('ENG105', 'SLASS', 5, 'Summer', 24, 2020, 'C8601-S'),
('ENG105', 'SLASS', 6, 'Autumn', 30, 2009, 'C8205-S'),
('ENG105', 'SLASS', 6, 'Autumn', 25, 2020, 'C4411-S'),
('ENG105', 'SLASS', 6, 'Spring', 29, 2009, 'C10210-S'),
('ENG105', 'SLASS', 6, 'Spring', 26, 2020, 'C8205-S'),
('ENG105', 'SLASS', 6, 'Spring', 32, 2021, 'BC4014-S'),
('ENG105', 'SLASS', 7, 'Autumn', 31, 2009, 'C11302-S'),
('ENG105', 'SLASS', 7, 'Autumn', 25, 2020, 'C9201-S'),
('ENG105', 'SLASS', 7, 'Spring', 30, 2009, 'C10210-S'),
('ENG105', 'SLASS', 7, 'Spring', 23, 2020, 'C4406-S'),
('ENG105', 'SLASS', 7, 'Spring', 32, 2021, 'BC2020-S'),
('ENG105', 'SLASS', 8, 'Autumn', 33, 2009, 'C1301-S'),
('ENG105', 'SLASS', 8, 'Autumn', 26, 2020, 'C4306-S'),
('ENG105', 'SLASS', 8, 'Spring', 31, 2009, 'C10210-S'),
('ENG105', 'SLASS', 8, 'Spring', 17, 2020, 'C4406-S'),
('ENG105', 'SLASS', 8, 'Spring', 29, 2021, 'BC2023-S'),
('ENG105', 'SLASS', 9, 'Autumn', 31, 2009, 'C8206-S'),
('ENG105', 'SLASS', 9, 'Autumn', 27, 2020, 'C11401-S'),
('ENG105', 'SLASS', 9, 'Spring', 32, 2009, 'C10210-S'),
('ENG105', 'SLASS', 9, 'Spring', 25, 2020, 'C11302-S'),
('ENG105', 'SLASS', 9, 'Spring', 30, 2021, 'BC4014-S'),
('ENG105', 'SLASS', 10, 'Autumn', 30, 2009, 'C8205-S'),
('ENG105', 'SLASS', 10, 'Autumn', 25, 2020, 'C10206-S'),
('ENG105', 'SLASS', 10, 'Spring', 31, 2009, 'C10210-S'),
('ENG105', 'SLASS', 10, 'Spring', 30, 2020, 'C8205-S'),
('ENG105', 'SLASS', 10, 'Spring', 29, 2021, 'BC7016-S'),
('ENG105', 'SLASS', 11, 'Autumn', 30, 2009, 'C4411-S'),
('ENG105', 'SLASS', 11, 'Autumn', 22, 2020, 'C4406-S'),
('ENG105', 'SLASS', 11, 'Spring', 24, 2009, 'C10210-S'),
('ENG105', 'SLASS', 11, 'Spring', 0, 2020, 'C9601-S'),
('ENG105', 'SLASS', 12, 'Autumn', 32, 2009, 'C8506-S'),
('ENG105', 'SLASS', 12, 'Autumn', 24, 2020, 'C4406-S'),
('ENG105', 'SLASS', 12, 'Spring', 24, 2009, 'C10210-S'),
('ENG105', 'SLASS', 12, 'Spring', 21, 2020, 'C4411-S'),
('ENG105', 'SLASS', 13, 'Autumn', 30, 2009, 'C10320-S'),
('ENG105', 'SLASS', 13, 'Autumn', 21, 2020, 'C8506-S'),
('ENG105', 'SLASS', 13, 'Spring', 25, 2009, 'C10210-S'),
('ENG105', 'SLASS', 13, 'Spring', 27, 2020, 'C10210-S'),
('ENG105', 'SLASS', 14, 'Autumn', 30, 2009, 'C1301-S'),
('ENG105', 'SLASS', 14, 'Spring', 12, 2009, 'C10210-S'),
('ENG105', 'SLASS', 14, 'Spring', 0, 2020, 'C11402-S'),
('ENG105', 'SLASS', 15, 'Autumn', 31, 2009, 'C11401-S'),
('ENG105', 'SLASS', 15, 'Spring', 0, 2020, 'C8600-S'),
('ENG105', 'SLASS', 16, 'Autumn', 32, 2009, 'C11201-S'),
('ENG105', 'SLASS', 16, 'Spring', 0, 2020, 'C8506-S'),
('ENG105', 'SLASS', 17, 'Autumn', 31, 2009, 'C11301-S'),
('ENG105', 'SLASS', 17, 'Spring', 0, 2020, 'C8600-S'),
('ENG105', 'SLASS', 18, 'Autumn', 30, 2009, 'C8506-S'),
('ENG105', 'SLASS', 18, 'Spring', 0, 2020, 'C11201-S'),
('ENG105', 'SLASS', 19, 'Autumn', 30, 2009, 'C8601-S'),
('ENG105', 'SLASS', 19, 'Spring', 0, 2020, 'C8201-S'),
('ENG105', 'SLASS', 20, 'Autumn', 31, 2009, 'C11201-S'),
('ENG105', 'SLASS', 20, 'Spring', 1, 2020, 'C11401-S'),
('ENG105', 'SLASS', 21, 'Autumn', 30, 2009, 'C9502-S'),
('ENG105', 'SLASS', 22, 'Autumn', 25, 2009, 'C9502-S'),
('ENG105', 'SLASS', 23, 'Autumn', 24, 2009, 'C9201-S'),
('ENG106', 'SLASS', 1, 'Autumn', 21, 2009, 'C9601-S'),
('ENG106', 'SLASS', 1, 'Autumn', 25, 2020, 'C10210-S'),
('ENG106', 'SLASS', 1, 'Spring', 0, 2020, 'C11402-S'),
('ENG106', 'SLASS', 1, 'Spring', 29, 2021, 'BC6008-S'),
('ENG106', 'SLASS', 1, 'Summer', 29, 2009, 'C8201-S'),
('ENG106', 'SLASS', 1, 'Summer', 0, 2020, 'C4406-S'),
('ENG106', 'SLASS', 1, 'Summer', 25, 2021, 'BC4014-S'),
('ENG106', 'SLASS', 2, 'Autumn', 22, 2009, 'C11402-S'),
('ENG106', 'SLASS', 2, 'Autumn', 25, 2020, 'C4306-S'),
('ENG106', 'SLASS', 2, 'Spring', 28, 2009, 'C10210-S'),
('ENG106', 'SLASS', 2, 'Spring', 29, 2021, 'BC5013-S'),
('ENG106', 'SLASS', 2, 'Summer', 13, 2009, 'C8205-S'),
('ENG106', 'SLASS', 2, 'Summer', 0, 2020, 'C10206-S'),
('ENG106', 'SLASS', 2, 'Summer', 20, 2021, 'BC3009-S'),
('ENG106', 'SLASS', 3, 'Autumn', 25, 2009, 'C5101-S'),
('ENG106', 'SLASS', 3, 'Spring', 31, 2009, 'C10210-S'),
('ENG106', 'SLASS', 3, 'Spring', 0, 2020, 'C11401-S'),
('ENG106', 'SLASS', 3, 'Summer', 30, 2009, 'C9201-S'),
('ENG106', 'SLASS', 3, 'Summer', 26, 2020, 'C10320-S'),
('ENG106', 'SLASS', 4, 'Autumn', 25, 2009, 'C11401-S'),
('ENG106', 'SLASS', 4, 'Spring', 20, 2009, 'C10210-S'),
('ENG106', 'SLASS', 4, 'Spring', 23, 2020, 'C9602-S'),
('ENG106', 'SLASS', 4, 'Summer', 21, 2020, 'C9201-S'),
('ENG106', 'SLASS', 5, 'Autumn', 27, 2009, 'C9501-S'),
('ENG106', 'SLASS', 5, 'Spring', 29, 2009, 'C10210-S'),
('ENG106', 'SLASS', 5, 'Spring', 31, 2020, 'C9602-S'),
('ENG106', 'SLASS', 5, 'Summer', 0, 2020, 'C8ELab-S'),
('ENG106', 'SLASS', 6, 'Autumn', 26, 2009, 'C1301-S'),
('ENG106', 'SLASS', 6, 'Spring', 31, 2009, 'C10210-S'),
('ENG106', 'SLASS', 6, 'Spring', 20, 2020, 'C11402-S'),
('ENG106', 'SLASS', 6, 'Summer', 0, 2020, 'C1401L-S'),
('ENG106', 'SLASS', 7, 'Autumn', 25, 2009, 'C8201-S'),
('ENG106', 'SLASS', 7, 'Spring', 24, 2009, 'C10210-S'),
('ENG106', 'SLASS', 7, 'Spring', 20, 2020, 'C5101-S'),
('ENG106', 'SLASS', 7, 'Summer', 0, 2020, 'C4411-S'),
('ENG106', 'SLASS', 8, 'Autumn', 25, 2009, 'C11301-S'),
('ENG106', 'SLASS', 8, 'Spring', 26, 2009, 'C10210-S'),
('ENG106', 'SLASS', 8, 'Spring', 30, 2020, 'C8505-S'),
('ENG106', 'SLASS', 9, 'Autumn', 20, 2009, 'C11201-S'),
('ENG106', 'SLASS', 9, 'Spring', 26, 2009, 'C10210-S'),
('ENG106', 'SLASS', 9, 'Spring', 25, 2020, 'C5101-S'),
('ENG106', 'SLASS', 10, 'Spring', 29, 2009, 'C10210-S'),
('ENG106', 'SLASS', 10, 'Spring', 0, 2020, 'C11202-S'),
('ENG106', 'SLASS', 11, 'Autumn', 0, 2009, 'C11202-S'),
('ENG106', 'SLASS', 11, 'Spring', 1, 2020, 'C9501-S'),
('ENG106', 'SLASS', 12, 'Spring', 0, 2020, 'C8601-S'),
('ENG106', 'SLASS', 13, 'Autumn', 0, 2009, 'C10206-S'),
('ENG106', 'SLASS', 13, 'Spring', 0, 2020, 'C4411-S'),
('ENG106', 'SLASS', 14, 'Autumn', 0, 2009, 'C11301-S'),
('ENG106', 'SLASS', 14, 'Spring', 0, 2020, 'C4306-S'),
('ENG106', 'SLASS', 15, 'Autumn', 0, 2009, 'C8601-S'),
('ENG106', 'SLASS', 16, 'Autumn', 0, 2009, 'C11202-S'),
('ENG201', 'SLASS', 1, 'Autumn', 24, 2009, 'C11402-S'),
('ENG201', 'SLASS', 1, 'Autumn', 24, 2020, 'C10206-S'),
('ENG201', 'SLASS', 1, 'Spring', 13, 2020, 'C11201-S'),
('ENG201', 'SLASS', 1, 'Spring', 11, 2021, 'BC4013-S'),
('ENG201', 'SLASS', 1, 'Summer', 22, 2020, 'C4411-S'),
('ENG201', 'SLASS', 2, 'Autumn', 10, 2009, 'C11202-S'),
('ENG201', 'SLASS', 2, 'Autumn', 17, 2020, 'C11201-S'),
('ENG201', 'SLASS', 2, 'Spring', 10, 2020, 'C11301-S'),
('ENG201', 'SLASS', 2, 'Spring', 24, 2021, 'BC4012-S'),
('ENG202', 'SLASS', 1, 'Autumn', 4, 2020, 'C4306-S'),
('ENG203', 'SLASS', 1, 'Autumn', 2, 2020, 'C11402-S'),
('ENG203', 'SLASS', 1, 'Spring', 0, 2020, 'S.Proj-S'),
('ENG303', 'SLASS', 1, 'Spring', 0, 2021, 'BC4010-S'),
('ENG305', 'SLASS', 1, 'Spring', 3, 2021, 'BC4013-S'),
('ENG306', 'SLASS', 1, 'Spring', 3, 2021, 'BC6009-S'),
('ENG311', 'SLASS', 1, 'Spring', 0, 2021, 'BC4013-S'),
('ENG404', 'SLASS', 1, 'Spring', 0, 2020, 'C11402-S'),
('ENV101', 'SELS', 1, 'Autumn', 51, 2009, 'C9401-S'),
('ENV101', 'SELS', 1, 'Autumn', 50, 2020, 'C9401-S'),
('ENV101', 'SELS', 1, 'Spring', 48, 2020, 'C9401-S'),
('ENV101', 'SELS', 1, 'Spring', 47, 2021, 'BC5013-S'),
('ENV101', 'SELS', 1, 'Summer', 38, 2009, 'C9402-S'),
('ENV101', 'SELS', 1, 'Summer', 0, 2020, 'C8600-S'),
('ENV101', 'SELS', 1, 'Summer', 45, 2021, 'BC6012-S'),
('ENV101', 'SELS', 2, 'Autumn', 48, 2009, 'C9401-S'),
('ENV101', 'SELS', 2, 'Autumn', 46, 2020, 'C11302-S'),
('ENV101', 'SELS', 2, 'Spring', 50, 2009, 'C10210-S'),
('ENV101', 'SELS', 2, 'Spring', 44, 2020, 'C9301-S'),
('ENV101', 'SELS', 2, 'Spring', 51, 2021, 'BC3012-S'),
('ENV101', 'SELS', 2, 'Summer', 27, 2009, 'C9502-S'),
('ENV101', 'SELS', 2, 'Summer', 10, 2020, 'C8205-S'),
('ENV101', 'SELS', 2, 'Summer', 45, 2021, 'BC2023-S'),
('ENV101', 'SELS', 3, 'Autumn', 46, 2009, 'C8505-S'),
('ENV101', 'SELS', 3, 'Autumn', 46, 2020, 'C9501-S'),
('ENV101', 'SELS', 3, 'Spring', 49, 2009, 'C10210-S'),
('ENV101', 'SELS', 3, 'Spring', 48, 2020, 'C9401-S'),
('ENV101', 'SELS', 3, 'Spring', 50, 2021, 'BC3010-S'),
('ENV101', 'SELS', 3, 'Summer', 43, 2009, 'C5101-S'),
('ENV101', 'SELS', 3, 'Summer', 44, 2020, 'C9603-S'),
('ENV101', 'SELS', 3, 'Summer', 44, 2021, 'BC6008-S'),
('ENV101', 'SELS', 4, 'Autumn', 50, 2009, 'C9502-S'),
('ENV101', 'SELS', 4, 'Autumn', 49, 2020, 'C9603-S'),
('ENV101', 'SELS', 4, 'Spring', 43, 2009, 'C10210-S'),
('ENV101', 'SELS', 4, 'Spring', 49, 2020, 'C9301-S'),
('ENV101', 'SELS', 4, 'Spring', 50, 2021, 'BC3008-S'),
('ENV101', 'SELS', 4, 'Summer', 0, 2020, 'C9502-S'),
('ENV101', 'SELS', 5, 'Autumn', 19, 2020, 'C4502-S'),
('ENV101', 'SELS', 5, 'Spring', 53, 2009, 'C10210-S'),
('ENV101', 'SELS', 5, 'Spring', 30, 2020, 'C9301-S'),
('ENV101', 'SELS', 5, 'Spring', 43, 2021, 'BC5014-S'),
('ENV101', 'SELS', 6, 'Spring', 48, 2020, 'C9601-S'),
('ENV101', 'SELS', 6, 'Spring', 44, 2021, 'BC7016-S'),
('ENV101', 'SELS', 7, 'Spring', 42, 2021, 'BC6007-S'),
('ENV102', 'SELS', 1, 'Autumn', 44, 2009, 'C8600-S'),
('ENV102', 'SELS', 1, 'Autumn', 41, 2020, 'C9601-S'),
('ENV102', 'SELS', 1, 'Spring', 37, 2020, 'C9402-S'),
('ENV102', 'SELS', 1, 'Spring', 47, 2021, 'BC3011-S'),
('ENV102', 'SELS', 1, 'Summer', 30, 2020, 'C8600-S'),
('ENV102', 'SELS', 1, 'Summer', 35, 2021, 'BC2021-S'),
('ENV102', 'SELS', 2, 'Autumn', 27, 2009, 'C9402-S'),
('ENV102', 'SELS', 2, 'Autumn', 44, 2020, 'C9401-S'),
('ENV102', 'SELS', 2, 'Spring', 36, 2009, 'C10210-S'),
('ENV102', 'SELS', 2, 'Spring', 30, 2020, 'C5101-S'),
('ENV102', 'SELS', 2, 'Spring', 35, 2021, 'BC6009-S'),
('ENV102', 'SELS', 2, 'Summer', 49, 2020, 'C9302-S'),
('ENV102', 'SELS', 2, 'Summer', 39, 2021, 'BC3008-S'),
('ENV102', 'SELS', 3, 'Autumn', 41, 2020, 'C8505-S'),
('ENV102', 'SELS', 3, 'Spring', 50, 2021, 'BC6008-S'),
('ENV102T', 'SELS', 1, 'Autumn', 37, 2009, 'C9301-S'),
('ENV102T', 'SELS', 1, 'Autumn', 40, 2020, 'C8600-S'),
('ENV102T', 'SELS', 1, 'Spring', 32, 2020, 'C9402-S'),
('ENV102T', 'SELS', 1, 'Spring', 48, 2021, 'BC2021-S'),
('ENV102T', 'SELS', 1, 'Summer', 27, 2020, 'C8600-S'),
('ENV102T', 'SELS', 1, 'Summer', 34, 2021, 'BC2009-S'),
('ENV102T', 'SELS', 2, 'Autumn', 34, 2009, 'C9402-S'),
('ENV102T', 'SELS', 2, 'Autumn', 44, 2020, 'C9302-S'),
('ENV102T', 'SELS', 2, 'Spring', 37, 2009, 'C10210-S'),
('ENV102T', 'SELS', 2, 'Spring', 31, 2020, 'C9302-S'),
('ENV102T', 'SELS', 2, 'Spring', 32, 2021, 'BC2012-S'),
('ENV102T', 'SELS', 2, 'Summer', 49, 2020, 'C9302-S'),
('ENV102T', 'SELS', 2, 'Summer', 38, 2021, 'BC2020-S'),
('ENV102T', 'SELS', 3, 'Autumn', 41, 2020, 'C4411-S'),
('ENV102T', 'SELS', 3, 'Spring', 47, 2021, 'BC2023-S'),
('ENV201', 'SELS', 1, 'Autumn', 12, 2009, 'C4503-S'),
('ENV201', 'SELS', 1, 'Autumn', 4, 2020, 'C4406-S'),
('ENV201L', 'SELS', 1, 'Autumn', 4, 2020, 'A4Lab-S'),
('ENV202', 'SELS', 1, 'Spring', 8, 2020, 'C4306-S'),
('ENV202', 'SELS', 1, 'Spring', 8, 2021, 'BC2013-S'),
('ENV202L', 'SELS', 1, 'Spring', 9, 2020, 'A4Lab-S'),
('ENV202L', 'SELS', 1, 'Spring', 9, 2021, 'BLab-S'),
('ENV203', 'SELS', 1, 'Spring', 2, 2020, 'C4411-S'),
('ENV203', 'SELS', 1, 'Spring', 0, 2021, 'BC9013-S'),
('ENV205', 'SELS', 1, 'Autumn', 10, 2020, 'C4411-S'),
('ENV212', 'SELS', 1, 'Spring', 12, 2020, 'A5106-S'),
('ENV212', 'SELS', 1, 'Spring', 19, 2021, 'BC7015-S'),
('ENV220', 'SELS', 1, 'Spring', 0, 2020, 'C10210-S'),
('ENV220', 'SELS', 1, 'Spring', 0, 2021, 'BC9017-S'),
('ENV302', 'SELS', 1, 'Autumn', 4, 2020, 'C3308-S'),
('ENV302L', 'SELS', 1, 'Autumn', 4, 2020, 'C3308-S'),
('ENV303', 'SELS', 1, 'Spring', 12, 2020, 'C3202-S'),
('ENV303', 'SELS', 1, 'Spring', 18, 2021, 'BC9016-S'),
('ENV307', 'SELS', 1, 'Autumn', 9, 2020, 'C4502-S'),
('ENV310', 'SELS', 1, 'Spring', 9, 2020, 'C11301-S'),
('ENV312', 'SELS', 1, 'Autumn', 4, 2020, 'C3202-S'),
('ENV315', 'SELS', 1, 'Autumn', 10, 2020, 'C4406-S'),
('ENV316', 'SELS', 1, 'Spring', 9, 2020, 'C3202-S'),
('ENV316', 'SELS', 1, 'Spring', 17, 2021, 'BC9013-S'),
('ENV325', 'SELS', 1, 'Spring', 8, 2020, 'C3202-S'),
('ENV325', 'SELS', 1, 'Spring', 20, 2021, 'BC9013-S'),
('ENV330', 'SELS', 1, 'Autumn', 10, 2020, 'C3202-S'),
('ENV340', 'SELS', 1, 'Summer', 3, 2021, 'BC9013-S'),
('ENV346', 'SELS', 1, 'Autumn', 5, 2020, 'C10320-S'),
('ENV348', 'SELS', 1, 'Spring', 4, 2020, 'C3202-S'),
('ENV348', 'SELS', 1, 'Spring', 3, 2021, 'BC9013-S'),
('ENV350', 'SELS', 1, 'Autumn', 0, 2020, 'C3202-S'),
('ENV350', 'SELS', 1, 'Spring', 0, 2021, 'BC9013-S'),
('ENV360', 'SELS', 1, 'Autumn', 0, 2020, 'A5BioL-S'),
('ENV401', 'SELS', 1, 'Autumn', 15, 2020, 'C11302-S'),
('ENV401', 'SELS', 1, 'Spring', 9, 2020, 'C11401-S'),
('ENV403', 'SELS', 1, 'Autumn', 5, 2009, 'C3202-S'),
('ENV403', 'SELS', 1, 'Autumn', 10, 2020, 'C3202-S'),
('ENV406', 'SELS', 1, 'Autumn', 0, 2020, 'C3202-S'),
('ENV409', 'SELS', 1, 'Autumn', 7, 2020, 'C4306-S'),
('ENV415', 'SELS', 1, 'Spring', 8, 2020, 'A4204-S'),
('ENV415', 'SELS', 1, 'Spring', 16, 2021, 'BC9013-S'),
('ENV415', 'SELS', 2, 'Spring', 1, 2009, 'C10210-S'),
('ENV498', 'SELS', 1, 'Autumn', 1, 2020, 'C3202-S'),
('ENV498', 'SELS', 1, 'Spring', 4, 2020, 'C3102-S'),
('ENV498', 'SELS', 1, 'Spring', 3, 2021, 'BC2023-S'),
('ENV498', 'SELS', 1, 'Summer', 0, 2009, 'S.Proj-S'),
('ENV498', 'SELS', 1, 'Summer', 1, 2020, 'C9603-S'),
('ENV498', 'SELS', 1, 'Summer', 0, 2021, 'BC9015-S'),
('ENV498A', 'SELS', 1, 'Autumn', 0, 2020, 'C3308-S'),
('ENV498A', 'SELS', 1, 'Spring', 2, 2020, 'C3202-S'),
('ENV498B', 'SELS', 1, 'Spring', 3, 2020, 'C3202-S'),
('ENV499', 'SELS', 1, 'Autumn', 0, 2009, 'C3202-S'),
('ENV499', 'SELS', 1, 'Autumn', 2, 2020, 'C3201-S'),
('ENV499', 'SELS', 1, 'Spring', 1, 2020, 'S.Proj-S'),
('ENV499', 'SELS', 1, 'Spring', 5, 2021, 'BC2023-S'),
('ENV499', 'SELS', 1, 'Summer', 1, 2009, 'S.Proj-S'),
('ENV499', 'SELS', 1, 'Summer', 1, 2020, 'C3308-S'),
('ENV499', 'SELS', 1, 'Summer', 1, 2021, 'BC9016-S'),
('ENV499A', 'SELS', 1, 'Autumn', 0, 2020, 'C3202-S'),
('ENV499A', 'SELS', 1, 'Spring', 3, 2020, 'C3102-S'),
('ENV499A', 'SELS', 1, 'Summer', 0, 2009, 'S.Proj-S'),
('ENV499A', 'SELS', 1, 'Summer', 0, 2020, 'C9603-S'),
('ETE303', 'SETS', 1, 'Spring', 4, 2021, 'BC6009-S'),
('ETE303L', 'SETS', 1, 'Autumn', 3, 2020, 'C10ELab-S'),
('ETE303L', 'SETS', 1, 'Spring', 3, 2021, 'ELab-S'),
('ETE304', 'SETS', 1, 'Spring', 4, 2021, 'BC6013-S'),
('ETE304', 'SETS', 1, 'Summer', 7, 2020, 'C8505-S'),
('ETE309', 'SETS', 1, 'Autumn', 20, 2020, 'C8600-S'),
('ETE309', 'SETS', 1, 'Spring', 21, 2021, 'BC6009-S'),
('ETE403', 'SETS', 1, 'Autumn', 6, 2020, 'C8600-S'),
('ETE403', 'SETS', 1, 'Spring', 11, 2020, 'C8205-S'),
('ETE403', 'SETS', 1, 'Spring', 0, 2021, 'BC6012-S'),
('ETE404', 'SETS', 1, 'Autumn', 6, 2020, 'C8506-S'),
('ETE404', 'SETS', 1, 'Spring', 11, 2021, 'BC6012-S'),
('ETE406', 'SETS', 1, 'Autumn', 2, 2020, 'C8506-S'),
('ETE406', 'SETS', 1, 'Spring', 2, 2021, 'BC6009-S'),
('ETE406L', 'SETS', 1, 'Autumn', 2, 2020, 'C10ELab-S'),
('ETE406L', 'SETS', 1, 'Spring', 2, 2021, 'ELab-S'),
('ETE412', 'SETS', 1, 'Spring', 14, 2021, 'BC6012-S'),
('ETE418', 'SETS', 1, 'Autumn', 25, 2020, 'C8505-S'),
('ETE418', 'SETS', 1, 'Spring', 10, 2021, 'BC6008-S'),
('ETE418', 'SETS', 1, 'Summer', 15, 2021, 'BC5014-S'),
('ETE450', 'SETS', 1, 'Spring', 8, 2021, 'BC6007-S'),
('ETE498', 'SETS', 1, 'Autumn', 4, 2009, 'C8201-S'),
('ETE498', 'SETS', 1, 'Autumn', 1, 2020, 'C8206-S'),
('ETE498', 'SETS', 1, 'Spring', 1, 2020, 'C8201-S'),
('ETE498', 'SETS', 1, 'Spring', 0, 2021, 'BC3010-S'),
('ETE498', 'SETS', 1, 'Summer', 0, 2009, 'S.Proj-S'),
('ETE498', 'SETS', 1, 'Summer', 0, 2020, 'C8206-S'),
('ETE499', 'SETS', 1, 'Autumn', 3, 2009, 'C8201-S'),
('ETE499', 'SETS', 1, 'Autumn', 12, 2020, 'C8303-S'),
('ETE499', 'SETS', 1, 'Spring', 4, 2020, 'C8201-S'),
('ETE499', 'SETS', 1, 'Spring', 2, 2021, 'BC3012-S'),
('ETE499', 'SETS', 1, 'Summer', 3, 2009, 'S.Proj-S'),
('ETE499', 'SETS', 1, 'Summer', 2, 2020, 'C8303-S'),
('FIN201', 'SBE', 1, 'Autumn', 20, 2009, 'C9402-S'),
('FIN201', 'SBE', 1, 'Autumn', 37, 2020, 'C9401-S'),
('FIN201', 'SBE', 1, 'Spring', 17, 2020, 'C9302-S'),
('FIN201', 'SBE', 1, 'Spring', 15, 2021, 'BC3008-S'),
('FIN201', 'SBE', 1, 'Summer', 43, 2009, 'C9301-S'),
('FIN201', 'SBE', 1, 'Summer', 29, 2020, 'C9603-S'),
('FIN201', 'SBE', 1, 'Summer', 21, 2021, 'BC4012-S'),
('FIN201', 'SBE', 2, 'Autumn', 24, 2009, 'C9402-S'),
('FIN201', 'SBE', 2, 'Autumn', 38, 2020, 'C9602-S'),
('FIN201', 'SBE', 2, 'Spring', 59, 2009, 'C10210-S'),
('FIN201', 'SBE', 2, 'Spring', 55, 2020, 'C9302-S'),
('FIN201', 'SBE', 2, 'Spring', 39, 2021, 'BC3009-S'),
('FIN201', 'SBE', 2, 'Summer', 24, 2020, 'C9601-S'),
('FIN201', 'SBE', 2, 'Summer', 38, 2021, 'BC2020-S'),
('FIN201', 'SBE', 3, 'Autumn', 48, 2009, 'C9301-S'),
('FIN201', 'SBE', 3, 'Autumn', 40, 2020, 'C9402-S'),
('FIN201', 'SBE', 3, 'Spring', 35, 2009, 'C10210-S'),
('FIN201', 'SBE', 3, 'Spring', 20, 2020, 'C9501-S'),
('FIN201', 'SBE', 3, 'Spring', 36, 2021, 'BC2021-S'),
('FIN201', 'SBE', 3, 'Summer', 24, 2021, 'BC4012-S'),
('FIN201', 'SBE', 4, 'Autumn', 3, 2009, 'C9301-S'),
('FIN201', 'SBE', 4, 'Autumn', 51, 2020, 'C9602-S'),
('FIN201', 'SBE', 4, 'Spring', 31, 2009, 'C10210-S'),
('FIN201', 'SBE', 4, 'Spring', 14, 2020, 'C9301-S'),
('FIN201', 'SBE', 4, 'Spring', 25, 2021, 'BC4011-S'),
('FIN201', 'SBE', 5, 'Autumn', 0, 2020, 'C9601-S'),
('FIN201', 'SBE', 5, 'Spring', 25, 2021, 'BC2020-S'),
('FIN301', 'SBE', 1, 'Autumn', 34, 2009, 'C9501-S'),
('FIN301', 'SBE', 1, 'Autumn', 14, 2020, 'C9501-S'),
('FIN301', 'SBE', 1, 'Spring', 21, 2020, 'C9502-S'),
('FIN301', 'SBE', 1, 'Spring', 47, 2021, 'BC2014-S'),
('FIN301', 'SBE', 1, 'Summer', 45, 2009, 'C9302-S'),
('FIN301', 'SBE', 1, 'Summer', 31, 2020, 'C9602-S'),
('FIN301', 'SBE', 1, 'Summer', 24, 2021, 'BC3008-S'),
('FIN301', 'SBE', 2, 'Autumn', 20, 2009, 'C9401-S'),
('FIN301', 'SBE', 2, 'Autumn', 11, 2020, 'C9501-S'),
('FIN301', 'SBE', 2, 'Spring', 23, 2020, 'C9201-S'),
('FIN301', 'SBE', 2, 'Spring', 17, 2021, 'BC3010-S'),
('FIN301', 'SBE', 2, 'Summer', 25, 2021, 'BC3010-S'),
('FIN301', 'SBE', 3, 'Autumn', 27, 2020, 'C9201-S'),
('FIN302', 'SBE', 1, 'Autumn', 28, 2009, 'C9401-S'),
('FIN302', 'SBE', 1, 'Autumn', 12, 2020, 'C9401-S'),
('FIN302', 'SBE', 1, 'Spring', 20, 2020, 'C9402-S'),
('FIN302', 'SBE', 1, 'Spring', 15, 2021, 'BC4013-S'),
('FIN302', 'SBE', 1, 'Summer', 14, 2009, 'C9501-S'),
('FIN302', 'SBE', 1, 'Summer', 29, 2020, 'C9301-S'),
('FIN302', 'SBE', 1, 'Summer', 47, 2021, 'BC2020-S'),
('FIN302', 'SBE', 2, 'Autumn', 23, 2009, 'C9501-S'),
('FIN302', 'SBE', 2, 'Autumn', 32, 2020, 'C9501-S'),
('FIN302', 'SBE', 2, 'Spring', 17, 2020, 'C9301-S'),
('FIN302', 'SBE', 2, 'Spring', 25, 2021, 'BC2021-S'),
('FIN401', 'SBE', 1, 'Autumn', 20, 2009, 'C9401-S'),
('FIN401', 'SBE', 1, 'Autumn', 35, 2020, 'C9201-S'),
('FIN401', 'SBE', 1, 'Spring', 37, 2020, 'C9201-S'),
('FIN401', 'SBE', 1, 'Spring', 19, 2021, 'BC4010-S'),
('FIN401', 'SBE', 1, 'Summer', 11, 2009, 'C9301-S'),
('FIN401', 'SBE', 1, 'Summer', 14, 2020, 'C9302-S'),
('FIN401', 'SBE', 1, 'Summer', 20, 2021, 'BC2014-S'),
('FIN401', 'SBE', 2, 'Autumn', 36, 2020, 'C9201-S'),
('FIN401', 'SBE', 2, 'Spring', 14, 2020, 'C9301-S'),
('FIN401', 'SBE', 2, 'Spring', 27, 2021, 'BC2013-S'),
('FIN401', 'SBE', 2, 'Summer', 25, 2021, 'BC4010-S'),
('FIN405', 'SBE', 1, 'Autumn', 38, 2009, 'C9601-S'),
('FIN405', 'SBE', 1, 'Autumn', 27, 2020, 'C9301-S'),
('FIN405', 'SBE', 1, 'Spring', 17, 2020, 'C9602-S'),
('FIN405', 'SBE', 1, 'Spring', 15, 2021, 'BC3009-S'),
('FIN405', 'SBE', 1, 'Summer', 17, 2020, 'C9401-S'),
('FIN440', 'SBE', 1, 'Summer', 18, 2020, 'C9601-S'),
('FIN440', 'SBE', 1, 'Summer', 5, 2021, 'BC2020-S'),
('FIN460', 'SBE', 1, 'Autumn', 12, 2009, 'C9502-S'),
('FIN460', 'SBE', 1, 'Autumn', 36, 2020, 'C9201-S'),
('FIN460', 'SBE', 1, 'Spring', 38, 2020, 'C9502-S'),
('FIN460', 'SBE', 1, 'Spring', 8, 2021, 'BC2013-S'),
('FIN460', 'SBE', 1, 'Summer', 18, 2009, 'C9501-S'),
('FIN460', 'SBE', 1, 'Summer', 33, 2020, 'C9401-S'),
('FIN460', 'SBE', 1, 'Summer', 28, 2021, 'BC2020-S'),
('FIN460', 'SBE', 2, 'Autumn', 6, 2020, 'C11401-S'),
('FIN460', 'SBE', 2, 'Spring', 25, 2021, 'BC3012-S'),
('FIN461', 'SBE', 1, 'Autumn', 18, 2009, 'C9301-S'),
('FIN461', 'SBE', 1, 'Autumn', 22, 2020, 'C9501-S'),
('FIN461', 'SBE', 1, 'Spring', 11, 2020, 'C9401-S'),
('FIN461', 'SBE', 1, 'Spring', 39, 2021, 'BC3008-S'),
('FIN480', 'SBE', 1, 'Autumn', 10, 2009, 'C9402-S'),
('FIN480', 'SBE', 1, 'Autumn', 26, 2020, 'C9301-S'),
('FIN480', 'SBE', 1, 'Spring', 25, 2021, 'BC2020-S'),
('FIN480', 'SBE', 1, 'Summer', 32, 2021, 'BC2020-S'),
('FRN101', 'SLASS', 1, 'Autumn', 34, 2009, 'C11201-S'),
('FRN101', 'SLASS', 1, 'Autumn', 26, 2020, 'C11301-S'),
('FRN101', 'SLASS', 1, 'Spring', 34, 2020, 'C9201-S'),
('FRN101', 'SLASS', 1, 'Spring', 30, 2021, 'BC7016-S'),
('FRN101', 'SLASS', 1, 'Summer', 31, 2009, 'C1301-S'),
('FRN101', 'SLASS', 1, 'Summer', 23, 2020, 'C10210-S'),
('FRN101', 'SLASS', 1, 'Summer', 30, 2021, 'BC7016-S'),
('FRN101', 'SLASS', 2, 'Autumn', 31, 2009, 'C11302-S'),
('FRN101', 'SLASS', 2, 'Autumn', 30, 2020, 'C11302-S'),
('FRN101', 'SLASS', 2, 'Spring', 28, 2009, 'C10210-S'),
('FRN101', 'SLASS', 2, 'Spring', 38, 2020, 'C11401-S'),
('FRN101', 'SLASS', 2, 'Spring', 37, 2021, 'BC2023-S'),
('FRN101', 'SLASS', 2, 'Summer', 32, 2009, 'C1301-S'),
('FRN101', 'SLASS', 2, 'Summer', 35, 2020, 'C8601-S'),
('FRN101', 'SLASS', 2, 'Summer', 32, 2021, 'BC4010-S'),
('FRN101', 'SLASS', 3, 'Autumn', 42, 2009, 'C5101-S'),
('FRN101', 'SLASS', 3, 'Autumn', 33, 2020, 'C8201-S'),
('FRN101', 'SLASS', 3, 'Spring', 34, 2009, 'C10210-S'),
('FRN101', 'SLASS', 3, 'Spring', 36, 2020, 'C11301-S'),
('FRN101', 'SLASS', 3, 'Spring', 39, 2021, 'BC2023-S'),
('FRN101', 'SLASS', 3, 'Summer', 27, 2020, 'C4503-S'),
('HEA101', 'SLASS', 1, 'Autumn', 16, 2009, 'C9603-S'),
('HEA101', 'SLASS', 1, 'Autumn', 19, 2020, 'C11402-S'),
('HEA101', 'SLASS', 1, 'Spring', 6, 2020, 'C11202-S'),
('HEA101', 'SLASS', 1, 'Spring', 51, 2021, 'BC2013-S'),
('HEA202', 'SLASS', 1, 'Autumn', 0, 2020, 'C3201-S'),
('HRM301', 'SBE', 1, 'Autumn', 31, 2009, 'C11302-S'),
('HRM301', 'SBE', 1, 'Autumn', 47, 2020, 'C11202-S'),
('HRM301', 'SBE', 1, 'Spring', 27, 2020, 'C11401-S'),
('HRM301', 'SBE', 1, 'Spring', 42, 2021, 'BC2014-S'),
('HRM301', 'SBE', 1, 'Summer', 35, 2020, 'C9603-S'),
('HRM301', 'SBE', 1, 'Summer', 39, 2021, 'BC2009-S'),
('HRM301', 'SBE', 2, 'Autumn', 27, 2009, 'C9301-S'),
('HRM301', 'SBE', 2, 'Autumn', 42, 2020, 'C11302-S'),
('HRM301', 'SBE', 2, 'Spring', 45, 2020, 'C11302-S'),
('HRM301', 'SBE', 2, 'Spring', 38, 2021, 'BC2021-S'),
('HRM301', 'SBE', 2, 'Summer', 45, 2021, 'BC3009-S'),
('HRM301', 'SBE', 3, 'Spring', 20, 2020, 'C11301-S'),
('HRM301', 'SBE', 3, 'Spring', 38, 2021, 'BC2021-S'),
('HRM360', 'SBE', 1, 'Autumn', 14, 2009, 'C11401-S'),
('HRM360', 'SBE', 1, 'Autumn', 44, 2020, 'C11302-S'),
('HRM360', 'SBE', 1, 'Spring', 52, 2021, 'BC3008-S'),
('HRM360', 'SBE', 1, 'Summer', 37, 2009, 'C11402-S'),
('HRM360', 'SBE', 1, 'Summer', 28, 2020, 'C11401-S'),
('HRM360', 'SBE', 1, 'Summer', 8, 2021, 'BC2013-S'),
('HRM360', 'SBE', 2, 'Autumn', 36, 2009, 'C11401-S'),
('HRM360', 'SBE', 2, 'Autumn', 23, 2020, 'C11402-S'),
('HRM360', 'SBE', 2, 'Spring', 37, 2009, 'C10210-S'),
('HRM360', 'SBE', 2, 'Spring', 35, 2020, 'C11301-S'),
('HRM360', 'SBE', 2, 'Spring', 18, 2021, 'BC3010-S'),
('HRM360', 'SBE', 2, 'Summer', 0, 2021, 'BC4014-S'),
('HRM370', 'SBE', 1, 'Autumn', 35, 2009, 'C11302-S'),
('HRM370', 'SBE', 1, 'Autumn', 45, 2020, 'C11402-S'),
('HRM370', 'SBE', 1, 'Spring', 48, 2020, 'C11202-S'),
('HRM370', 'SBE', 1, 'Spring', 51, 2021, 'BC3008-S'),
('HRM370', 'SBE', 1, 'Summer', 23, 2009, 'C11202-S'),
('HRM370', 'SBE', 1, 'Summer', 20, 2020, 'C11402-S'),
('HRM370', 'SBE', 1, 'Summer', 21, 2021, 'BC2012-S'),
('HRM370', 'SBE', 2, 'Autumn', 16, 2009, 'C11401-S'),
('HRM370', 'SBE', 2, 'Autumn', 10, 2020, 'C11302-S'),
('HRM370', 'SBE', 2, 'Spring', 31, 2009, 'C10210-S'),
('HRM370', 'SBE', 2, 'Spring', 26, 2020, 'C11201-S'),
('HRM370', 'SBE', 2, 'Spring', 15, 2021, 'BC3009-S'),
('HRM370', 'SBE', 2, 'Summer', 1, 2021, 'BC7025-S'),
('HRM380', 'SBE', 1, 'Autumn', 49, 2009, 'C11402-S'),
('HRM380', 'SBE', 1, 'Autumn', 39, 2020, 'C11402-S'),
('HRM380', 'SBE', 1, 'Spring', 51, 2020, 'C11401-S'),
('HRM380', 'SBE', 1, 'Spring', 8, 2021, 'BC3011-S'),
('HRM380', 'SBE', 1, 'Summer', 25, 2009, 'C11402-S'),
('HRM380', 'SBE', 1, 'Summer', 49, 2020, 'C11302-S'),
('HRM380', 'SBE', 1, 'Summer', 26, 2021, 'BC2020-S'),
('HRM380', 'SBE', 2, 'Autumn', 35, 2020, 'C11402-S'),
('HRM380', 'SBE', 2, 'Spring', 38, 2009, 'C10210-S'),
('HRM380', 'SBE', 2, 'Spring', 36, 2020, 'C11301-S'),
('HRM380', 'SBE', 2, 'Spring', 48, 2021, 'BC2021-S'),
('HRM390', 'SBE', 1, 'Autumn', 19, 2009, 'C11402-S'),
('HRM390', 'SBE', 1, 'Autumn', 32, 2020, 'C9603-S'),
('HRM390', 'SBE', 1, 'Spring', 39, 2020, 'C11302-S'),
('HRM390', 'SBE', 1, 'Spring', 22, 2021, 'BC2012-S'),
('HRM390', 'SBE', 1, 'Summer', 45, 2009, 'C11302-S'),
('HRM390', 'SBE', 1, 'Summer', 39, 2020, 'C9502-S'),
('HRM390', 'SBE', 1, 'Summer', 14, 2021, 'BC3010-S'),
('HRM390', 'SBE', 2, 'Autumn', 36, 2009, 'C11302-S'),
('HRM390', 'SBE', 2, 'Autumn', 35, 2020, 'C11202-S'),
('HRM390', 'SBE', 2, 'Spring', 26, 2020, 'C11201-S'),
('HRM390', 'SBE', 2, 'Spring', 49, 2021, 'BC3009-S'),
('HRM390', 'SBE', 2, 'Summer', 1, 2021, 'BC2022-S'),
('HRM410', 'SBE', 1, 'Autumn', 33, 2009, 'C9402-S'),
('HRM410', 'SBE', 1, 'Spring', 62, 2021, 'BC2021-S'),
('HRM410', 'SBE', 1, 'Summer', 13, 2020, 'C9603-S'),
('HRM410', 'SBE', 1, 'Summer', 33, 2021, 'BC2014-S'),
('HRM430', 'SBE', 1, 'Autumn', 33, 2020, 'C11402-S'),
('HRM430', 'SBE', 1, 'Spring', 21, 2020, 'C9502-S'),
('HRM460', 'SBE', 1, 'Autumn', 50, 2020, 'C11202-S'),
('HRM460', 'SBE', 1, 'Spring', 58, 2020, 'C9603-S'),
('HRM460', 'SBE', 1, 'Spring', 38, 2021, 'BC2022-S'),
('HRM460', 'SBE', 1, 'Summer', 28, 2009, 'C11402-S'),
('HRM460', 'SBE', 1, 'Summer', 27, 2020, 'C11402-S'),
('HRM460', 'SBE', 1, 'Summer', 32, 2021, 'BC2020-S'),
('HRM460', 'SBE', 2, 'Spring', 50, 2021, 'BC2020-S'),
('HST103', 'SLASS', 1, 'Autumn', 17, 2009, 'C11202-S'),
('HST103', 'SLASS', 1, 'Autumn', 17, 2020, 'C9401-S'),
('HST103', 'SLASS', 1, 'Spring', 29, 2020, 'C11302-S'),
('HST103', 'SLASS', 1, 'Spring', 22, 2021, 'BC7016-S'),
('HST103', 'SLASS', 1, 'Summer', 3, 2020, 'C11302-S'),
('INB301', 'SBE', 1, 'Autumn', 12, 2020, 'C11401-S'),
('INB301', 'SBE', 1, 'Spring', 15, 2021, 'BC3009-S'),
('INB301', 'SBE', 1, 'Summer', 6, 2021, 'BC4013-S'),
('INB303', 'SBE', 1, 'Summer', 1, 2021, 'BC4012-S'),
('INB401', 'SBE', 1, 'Summer', 10, 2021, 'BC3012-S'),
('LFE201', 'SLASS', 1, 'Autumn', 103, 2020, 'C10210-S'),
('LFE201', 'SLASS', 1, 'Spring', 58, 2021, 'FT-S'),
('LFE201', 'SLASS', 1, 'Summer', 52, 2021, 'FT-S'),
('LFE201', 'SLASS', 2, 'Spring', 60, 2021, 'FT-S'),
('LFE201', 'SLASS', 2, 'Summer', 46, 2021, 'FT-S'),
('LFE201', 'SLASS', 3, 'Spring', 60, 2021, 'FT-S'),
('LFE201', 'SLASS', 3, 'Summer', 33, 2021, 'FT-S'),
('LFE201', 'SLASS', 4, 'Spring', 60, 2021, 'FT-S'),
('LFE201', 'SLASS', 5, 'Spring', 60, 2021, 'FT-S'),
('LFE201', 'SLASS', 6, 'Spring', 44, 2021, 'FT-S'),
('LFE201', 'SLASS', 7, 'Spring', 0, 2021, 'C9201-S'),
('LFE201A', 'SLASS', 1, 'Autumn', 11, 2009, 'C10210-S'),
('LFE201A', 'SLASS', 1, 'Autumn', 0, 2020, 'C10201-S'),
('LFE201A', 'SLASS', 1, 'Spring', 0, 2021, 'C9501-S'),
('MAT101', 'SETS', 1, 'Autumn', 45, 2009, 'C8601-S'),
('MAT101', 'SETS', 1, 'Autumn', 31, 2020, 'C8600-S'),
('MAT101', 'SETS', 1, 'Spring', 36, 2020, 'C8601-S'),
('MAT101', 'SETS', 1, 'Spring', 50, 2021, 'BC6007-S'),
('MAT101', 'SETS', 1, 'Summer', 12, 2009, 'C8201-S'),
('MAT101', 'SETS', 1, 'Summer', 39, 2020, 'C10210-S'),
('MAT101', 'SETS', 1, 'Summer', 34, 2021, 'BC5014-S'),
('MAT101', 'SETS', 2, 'Autumn', 46, 2009, 'C8600-S'),
('MAT101', 'SETS', 2, 'Autumn', 23, 2020, 'C10206-S'),
('MAT101', 'SETS', 2, 'Spring', 39, 2009, 'C10210-S'),
('MAT101', 'SETS', 2, 'Spring', 37, 2020, 'C8600-S'),
('MAT101', 'SETS', 2, 'Spring', 47, 2021, 'BC6009-S'),
('MAT101', 'SETS', 2, 'Summer', 13, 2009, 'C8505-S'),
('MAT101', 'SETS', 2, 'Summer', 36, 2020, 'C8601-S'),
('MAT101', 'SETS', 2, 'Summer', 40, 2021, 'BC6007-S'),
('MAT101', 'SETS', 3, 'Autumn', 46, 2009, 'C10320-S'),
('MAT101', 'SETS', 3, 'Autumn', 31, 2020, 'C10210-S'),
('MAT101', 'SETS', 3, 'Spring', 37, 2009, 'C10210-S'),
('MAT101', 'SETS', 3, 'Spring', 40, 2020, 'C10320-S'),
('MAT101', 'SETS', 3, 'Spring', 47, 2021, 'BC3008-S'),
('MAT101', 'SETS', 3, 'Summer', 41, 2020, 'C10320-S'),
('MAT101', 'SETS', 3, 'Summer', 40, 2021, 'BC6008-S'),
('MAT101', 'SETS', 4, 'Autumn', 45, 2009, 'C8201-S'),
('MAT101', 'SETS', 4, 'Autumn', 28, 2020, 'C10210-S'),
('MAT101', 'SETS', 4, 'Spring', 10, 2009, 'C10210-S'),
('MAT101', 'SETS', 4, 'Spring', 39, 2020, 'C8201-S'),
('MAT101', 'SETS', 4, 'Spring', 48, 2021, 'BC5014-S'),
('MAT101', 'SETS', 4, 'Summer', 0, 2009, 'C10210-S'),
('MAT101', 'SETS', 4, 'Summer', 36, 2020, 'C8205-S'),
('MAT101', 'SETS', 4, 'Summer', 43, 2021, 'BC5013-S'),
('MAT101', 'SETS', 5, 'Autumn', 37, 2009, 'C10320-S'),
('MAT101', 'SETS', 5, 'Autumn', 34, 2020, 'C10210-S'),
('MAT101', 'SETS', 5, 'Spring', 37, 2009, 'C10210-S'),
('MAT101', 'SETS', 5, 'Spring', 39, 2020, 'C10320-S'),
('MAT101', 'SETS', 5, 'Spring', 51, 2021, 'BC5014-S'),
('MAT101', 'SETS', 5, 'Summer', 30, 2020, 'C8206-S'),
('MAT101', 'SETS', 5, 'Summer', 38, 2021, 'BC6009-S'),
('MAT101', 'SETS', 6, 'Autumn', 37, 2009, 'C10320-S'),
('MAT101', 'SETS', 6, 'Autumn', 26, 2020, 'C10210-S'),
('MAT101', 'SETS', 6, 'Spring', 37, 2009, 'C10210-S'),
('MAT101', 'SETS', 6, 'Spring', 38, 2020, 'C10320-S'),
('MAT101', 'SETS', 6, 'Spring', 50, 2021, 'BC2022-S'),
('MAT101', 'SETS', 6, 'Summer', 33, 2020, 'C8206-S'),
('MAT101', 'SETS', 6, 'Summer', 38, 2021, 'BC5014-S'),
('MAT101', 'SETS', 7, 'Autumn', 45, 2009, 'C8205-S'),
('MAT101', 'SETS', 7, 'Autumn', 24, 2020, 'C8601-S'),
('MAT101', 'SETS', 7, 'Spring', 39, 2009, 'C10210-S'),
('MAT101', 'SETS', 7, 'Spring', 38, 2020, 'C8205-S'),
('MAT101', 'SETS', 7, 'Spring', 48, 2021, 'BC6013-S'),
('MAT101', 'SETS', 7, 'Summer', 40, 2021, 'BC6007-S'),
('MAT101', 'SETS', 8, 'Autumn', 40, 2009, 'C8600-S'),
('MAT101', 'SETS', 8, 'Autumn', 11, 2020, 'C8600-S'),
('MAT101', 'SETS', 8, 'Spring', 36, 2009, 'C10210-S'),
('MAT101', 'SETS', 8, 'Spring', 30, 2020, 'C8601-S'),
('MAT101', 'SETS', 8, 'Spring', 51, 2021, 'BC2013-S'),
('MAT101', 'SETS', 8, 'Summer', 37, 2021, 'BC6012-S'),
('MAT101', 'SETS', 9, 'Autumn', 37, 2009, 'C10320-S'),
('MAT101', 'SETS', 9, 'Autumn', 25, 2020, 'C10320-S'),
('MAT101', 'SETS', 9, 'Spring', 31, 2009, 'C10210-S'),
('MAT101', 'SETS', 9, 'Spring', 22, 2020, 'C10320-S'),
('MAT101', 'SETS', 9, 'Spring', 48, 2021, 'BC6012-S'),
('MAT101', 'SETS', 10, 'Autumn', 39, 2009, 'C10206-S'),
('MAT101', 'SETS', 10, 'Autumn', 1, 2020, 'C8601-S'),
('MAT101', 'SETS', 10, 'Spring', 31, 2009, 'C10210-S'),
('MAT101', 'SETS', 10, 'Spring', 37, 2020, 'C10320-S'),
('MAT101', 'SETS', 10, 'Spring', 49, 2021, 'BC5012-S'),
('MAT101', 'SETS', 11, 'Autumn', 28, 2020, 'C10206-S'),
('MAT101', 'SETS', 11, 'Spring', 35, 2020, 'C10320-S'),
('MAT101', 'SETS', 11, 'Spring', 50, 2021, 'BC5014-S'),
('MAT101', 'SETS', 12, 'Spring', 24, 2020, 'C10206-S'),
('MAT101', 'SETS', 12, 'Spring', 47, 2021, 'BC6008-S'),
('MAT101', 'SETS', 13, 'Spring', 24, 2020, 'C8601-S'),
('MAT101', 'SETS', 13, 'Spring', 51, 2021, 'BC6009-S'),
('MAT101T', 'SETS', 1, 'Autumn', 45, 2009, 'C8601-S'),
('MAT101T', 'SETS', 1, 'Autumn', 31, 2020, 'C8600-S'),
('MAT101T', 'SETS', 1, 'Spring', 35, 2020, 'C8601-S'),
('MAT101T', 'SETS', 1, 'Spring', 48, 2021, 'BC6008-S'),
('MAT101T', 'SETS', 1, 'Summer', 9, 2009, 'C8201-S'),
('MAT101T', 'SETS', 1, 'Summer', 39, 2020, 'C10210-S'),
('MAT101T', 'SETS', 1, 'Summer', 34, 2021, 'BC5014-S'),
('MAT101T', 'SETS', 2, 'Autumn', 46, 2009, 'C8600-S'),
('MAT101T', 'SETS', 2, 'Autumn', 23, 2020, 'C10206-S'),
('MAT101T', 'SETS', 2, 'Spring', 38, 2009, 'C10210-S'),
('MAT101T', 'SETS', 2, 'Spring', 37, 2020, 'C8600-S'),
('MAT101T', 'SETS', 2, 'Spring', 47, 2021, 'BC6009-S'),
('MAT101T', 'SETS', 2, 'Summer', 10, 2009, 'C8505-S'),
('MAT101T', 'SETS', 2, 'Summer', 36, 2020, 'C8601-S'),
('MAT101T', 'SETS', 2, 'Summer', 40, 2021, 'BC6007-S'),
('MAT101T', 'SETS', 3, 'Autumn', 48, 2009, 'C10320-S'),
('MAT101T', 'SETS', 3, 'Autumn', 31, 2020, 'C10210-S'),
('MAT101T', 'SETS', 3, 'Spring', 34, 2009, 'C10210-S'),
('MAT101T', 'SETS', 3, 'Spring', 40, 2020, 'C10320-S'),
('MAT101T', 'SETS', 3, 'Spring', 46, 2021, 'BC6009-S'),
('MAT101T', 'SETS', 3, 'Summer', 41, 2020, 'C10320-S'),
('MAT101T', 'SETS', 3, 'Summer', 34, 2021, 'BC6008-S'),
('MAT101T', 'SETS', 4, 'Autumn', 43, 2009, 'C8201-S'),
('MAT101T', 'SETS', 4, 'Autumn', 28, 2020, 'C10210-S'),
('MAT101T', 'SETS', 4, 'Spring', 10, 2009, 'C10210-S'),
('MAT101T', 'SETS', 4, 'Spring', 39, 2020, 'C8600-S'),
('MAT101T', 'SETS', 4, 'Spring', 48, 2021, 'BC5014-S'),
('MAT101T', 'SETS', 4, 'Summer', 0, 2009, 'C10210-S'),
('MAT101T', 'SETS', 4, 'Summer', 36, 2020, 'C8205-S'),
('MAT101T', 'SETS', 4, 'Summer', 39, 2021, 'BC5013-S'),
('MAT101T', 'SETS', 5, 'Autumn', 39, 2009, 'C10320-S'),
('MAT101T', 'SETS', 5, 'Autumn', 34, 2020, 'C10210-S'),
('MAT101T', 'SETS', 5, 'Spring', 35, 2009, 'C10210-S'),
('MAT101T', 'SETS', 5, 'Spring', 39, 2020, 'C10320-S'),
('MAT101T', 'SETS', 5, 'Spring', 51, 2021, 'BC6012-S'),
('MAT101T', 'SETS', 5, 'Summer', 30, 2020, 'P.Lab-S'),
('MAT101T', 'SETS', 5, 'Summer', 33, 2021, 'BC6009-S'),
('MAT101T', 'SETS', 6, 'Autumn', 38, 2009, 'C10320-S'),
('MAT101T', 'SETS', 6, 'Autumn', 26, 2020, 'C10210-S'),
('MAT101T', 'SETS', 6, 'Spring', 34, 2009, 'C10210-S'),
('MAT101T', 'SETS', 6, 'Spring', 38, 2020, 'C10320-S'),
('MAT101T', 'SETS', 6, 'Spring', 50, 2021, 'BC6013-S'),
('MAT101T', 'SETS', 6, 'Summer', 33, 2020, 'P.Lab-S'),
('MAT101T', 'SETS', 6, 'Summer', 38, 2021, 'BC5014-S'),
('MAT101T', 'SETS', 7, 'Autumn', 47, 2009, 'C8205-S'),
('MAT101T', 'SETS', 7, 'Autumn', 24, 2020, 'C8600-S'),
('MAT101T', 'SETS', 7, 'Spring', 40, 2009, 'C10210-S'),
('MAT101T', 'SETS', 7, 'Spring', 38, 2020, 'C8205-S'),
('MAT101T', 'SETS', 7, 'Spring', 48, 2021, 'BC6013-S'),
('MAT101T', 'SETS', 7, 'Summer', 39, 2021, 'BC6007-S'),
('MAT101T', 'SETS', 8, 'Autumn', 37, 2009, 'C8600-S'),
('MAT101T', 'SETS', 8, 'Autumn', 11, 2020, 'C10320-S'),
('MAT101T', 'SETS', 8, 'Spring', 35, 2009, 'C10210-S'),
('MAT101T', 'SETS', 8, 'Spring', 30, 2020, 'C8601-S'),
('MAT101T', 'SETS', 8, 'Spring', 51, 2021, 'BC6009-S'),
('MAT101T', 'SETS', 8, 'Summer', 36, 2021, 'BC6012-S'),
('MAT101T', 'SETS', 9, 'Autumn', 35, 2009, 'C10320-S'),
('MAT101T', 'SETS', 9, 'Autumn', 25, 2020, 'C10320-S'),
('MAT101T', 'SETS', 9, 'Spring', 31, 2009, 'C10210-S'),
('MAT101T', 'SETS', 9, 'Spring', 22, 2020, 'C10320-S'),
('MAT101T', 'SETS', 9, 'Spring', 48, 2021, 'BC6012-S'),
('MAT101T', 'SETS', 10, 'Autumn', 39, 2009, 'C10206-S'),
('MAT101T', 'SETS', 10, 'Autumn', 1, 2020, 'C8601-S'),
('MAT101T', 'SETS', 10, 'Spring', 32, 2009, 'C10210-S'),
('MAT101T', 'SETS', 10, 'Spring', 37, 2020, 'C10210-S'),
('MAT101T', 'SETS', 10, 'Spring', 49, 2021, 'BC5013-S'),
('MAT101T', 'SETS', 11, 'Autumn', 28, 2020, 'C10206-S'),
('MAT101T', 'SETS', 11, 'Spring', 35, 2020, 'C10206-S'),
('MAT101T', 'SETS', 11, 'Spring', 50, 2021, 'BC5014-S'),
('MAT101T', 'SETS', 12, 'Spring', 24, 2020, 'C10206-S'),
('MAT101T', 'SETS', 12, 'Spring', 47, 2021, 'BC6013-S'),
('MAT101T', 'SETS', 13, 'Spring', 24, 2020, 'C8601-S'),
('MAT101T', 'SETS', 13, 'Spring', 51, 2021, 'BC6009-S'),
('MAT102', 'SETS', 1, 'Autumn', 42, 2009, 'C10320-S'),
('MAT102', 'SETS', 1, 'Autumn', 32, 2020, 'C8600-S'),
('MAT102', 'SETS', 1, 'Spring', 49, 2021, 'BC5014-S'),
('MAT102', 'SETS', 1, 'Summer', 0, 2009, 'C10320-S'),
('MAT102', 'SETS', 1, 'Summer', 53, 2020, 'C8505-S'),
('MAT102', 'SETS', 1, 'Summer', 30, 2021, 'BC5012-S'),
('MAT102', 'SETS', 2, 'Autumn', 44, 2009, 'C10210-S'),
('MAT102', 'SETS', 2, 'Autumn', 28, 2020, 'C10210-S'),
('MAT102', 'SETS', 2, 'Spring', 31, 2009, 'C10210-S'),
('MAT102', 'SETS', 2, 'Spring', 35, 2020, 'C10210-S'),
('MAT102', 'SETS', 2, 'Spring', 49, 2021, 'BC6013-S'),
('MAT102', 'SETS', 2, 'Summer', 27, 2021, 'BC5012-S'),
('MAT102', 'SETS', 3, 'Spring', 37, 2020, 'C10210-S'),
('MAT102', 'SETS', 3, 'Spring', 39, 2021, 'BC6012-S'),
('MAT102T', 'SETS', 1, 'Autumn', 42, 2009, 'C10320-S'),
('MAT102T', 'SETS', 1, 'Autumn', 32, 2020, 'C8601-S'),
('MAT102T', 'SETS', 1, 'Spring', 49, 2021, 'BC5014-S'),
('MAT102T', 'SETS', 1, 'Summer', 0, 2009, 'C10320-S'),
('MAT102T', 'SETS', 1, 'Summer', 53, 2020, 'C8505-S'),
('MAT102T', 'SETS', 1, 'Summer', 30, 2021, 'BC5012-S'),
('MAT102T', 'SETS', 2, 'Autumn', 44, 2009, 'C10210-S'),
('MAT102T', 'SETS', 2, 'Autumn', 28, 2020, 'C10206-S'),
('MAT102T', 'SETS', 2, 'Spring', 32, 2009, 'C10210-S'),
('MAT102T', 'SETS', 2, 'Spring', 35, 2020, 'C10210-S'),
('MAT102T', 'SETS', 2, 'Spring', 49, 2021, 'BC6013-S'),
('MAT102T', 'SETS', 2, 'Summer', 27, 2021, 'BC5012-S'),
('MAT102T', 'SETS', 3, 'Spring', 37, 2020, 'C10210-S'),
('MAT102T', 'SETS', 3, 'Spring', 39, 2021, 'BC6009-S'),
('MAT103', 'SETS', 1, 'Autumn', 2, 2009, 'A4Lab-S'),
('MAT103', 'SETS', 1, 'Autumn', 9, 2020, 'C8205-S'),
('MAT103', 'SETS', 1, 'Spring', 1, 2021, 'BC5012-S'),
('MAT103T', 'SETS', 1, 'Autumn', 2, 2009, 'C8303-S'),
('MAT103T', 'SETS', 1, 'Autumn', 7, 2020, 'C8206-S'),
('MAT103T', 'SETS', 1, 'Spring', 1, 2021, 'BC5012-S'),
('MAT201', 'SETS', 1, 'Autumn', 25, 2009, 'C8201-S'),
('MAT201', 'SETS', 1, 'Autumn', 37, 2020, 'C8205-S'),
('MAT201', 'SETS', 1, 'Spring', 27, 2020, 'C8205-S'),
('MAT201', 'SETS', 1, 'Spring', 27, 2021, 'BC6007-S'),
('MAT201', 'SETS', 1, 'Summer', 22, 2009, 'C10320-S'),
('MAT201', 'SETS', 1, 'Summer', 22, 2021, 'BC5012-S'),
('MAT201', 'SETS', 2, 'Autumn', 27, 2020, 'C10320-S'),
('MAT201', 'SETS', 2, 'Spring', 44, 2021, 'BC5012-S'),
('MAT201T', 'SETS', 1, 'Autumn', 25, 2009, 'C10206-S'),
('MAT201T', 'SETS', 1, 'Autumn', 37, 2020, 'C8205-S'),
('MAT201T', 'SETS', 1, 'Spring', 27, 2020, 'C8205-S'),
('MAT201T', 'SETS', 1, 'Spring', 27, 2021, 'BC6007-S'),
('MAT201T', 'SETS', 1, 'Summer', 21, 2009, 'C10320-S'),
('MAT201T', 'SETS', 1, 'Summer', 22, 2021, 'BC5012-S'),
('MAT201T', 'SETS', 2, 'Autumn', 27, 2020, 'C10320-S'),
('MAT201T', 'SETS', 2, 'Spring', 44, 2021, 'BC5012-S'),
('MAT211', 'SETS', 1, 'Autumn', 48, 2009, 'C8201-S'),
('MAT211', 'SETS', 1, 'Autumn', 49, 2020, 'C8201-S'),
('MAT211', 'SETS', 1, 'Spring', 44, 2020, 'C8201-S'),
('MAT211', 'SETS', 1, 'Spring', 31, 2021, 'BC6008-S'),
('MAT211', 'SETS', 1, 'Summer', 30, 2009, 'C8601-S'),
('MAT211', 'SETS', 1, 'Summer', 34, 2020, 'C8201-S'),
('MAT211', 'SETS', 1, 'Summer', 40, 2021, 'BC6013-S'),
('MAT211', 'SETS', 2, 'Autumn', 48, 2009, 'C8201-S'),
('MAT211', 'SETS', 2, 'Autumn', 50, 2020, 'C8201-S'),
('MAT211', 'SETS', 2, 'Spring', 40, 2009, 'C10210-S'),
('MAT211', 'SETS', 2, 'Spring', 44, 2020, 'C8201-S'),
('MAT211', 'SETS', 2, 'Spring', 37, 2021, 'BC5012-S'),
('MAT211', 'SETS', 2, 'Summer', 28, 2009, 'C8205-S'),
('MAT211', 'SETS', 2, 'Summer', 29, 2020, 'C8201-S'),
('MAT211', 'SETS', 2, 'Summer', 0, 2021, 'BC5012-S'),
('MAT211', 'SETS', 3, 'Autumn', 45, 2009, 'C8201-S'),
('MAT211', 'SETS', 3, 'Autumn', 49, 2020, 'C8201-S'),
('MAT211', 'SETS', 3, 'Spring', 37, 2009, 'C10210-S'),
('MAT211', 'SETS', 3, 'Spring', 39, 2020, 'C8201-S'),
('MAT211', 'SETS', 3, 'Spring', 40, 2021, 'BC6008-S'),
('MAT211', 'SETS', 3, 'Summer', 15, 2009, 'C8601-S'),
('MAT211', 'SETS', 3, 'Summer', 36, 2020, 'C8601-S'),
('MAT211', 'SETS', 3, 'Summer', 40, 2021, 'BC6007-S'),
('MAT211', 'SETS', 4, 'Autumn', 45, 2009, 'C8201-S'),
('MAT211', 'SETS', 4, 'Autumn', 49, 2020, 'C8201-S'),
('MAT211', 'SETS', 4, 'Spring', 37, 2009, 'C10210-S'),
('MAT211', 'SETS', 4, 'Spring', 46, 2020, 'C8201-S'),
('MAT211', 'SETS', 4, 'Spring', 37, 2021, 'BC6008-S'),
('MAT211', 'SETS', 5, 'Autumn', 47, 2009, 'C8600-S'),
('MAT211', 'SETS', 5, 'Autumn', 44, 2020, 'C8201-S'),
('MAT211', 'SETS', 5, 'Spring', 24, 2009, 'C10210-S'),
('MAT211', 'SETS', 5, 'Spring', 40, 2020, 'C8201-S'),
('MAT211', 'SETS', 5, 'Spring', 40, 2021, 'BC6009-S'),
('MAT211', 'SETS', 6, 'Autumn', 47, 2009, 'C8601-S'),
('MAT211', 'SETS', 6, 'Autumn', 51, 2020, 'C8201-S'),
('MAT211', 'SETS', 6, 'Spring', 40, 2009, 'C10210-S'),
('MAT211', 'SETS', 6, 'Spring', 42, 2020, 'C8201-S'),
('MAT211', 'SETS', 6, 'Spring', 40, 2021, 'BC5012-S'),
('MAT211', 'SETS', 7, 'Autumn', 45, 2009, 'C8201-S'),
('MAT211', 'SETS', 7, 'Autumn', 49, 2020, 'C8201-S'),
('MAT211', 'SETS', 7, 'Spring', 30, 2009, 'C10210-S'),
('MAT211', 'SETS', 7, 'Spring', 46, 2020, 'C8201-S'),
('MAT211', 'SETS', 7, 'Spring', 38, 2021, 'BC5014-S'),
('MAT211', 'SETS', 8, 'Autumn', 49, 2020, 'C8600-S'),
('MAT211', 'SETS', 8, 'Spring', 33, 2009, 'C10210-S'),
('MAT211', 'SETS', 8, 'Spring', 45, 2020, 'C8201-S'),
('MAT211', 'SETS', 8, 'Spring', 40, 2021, 'BC6013-S'),
('MAT211', 'SETS', 9, 'Autumn', 50, 2020, 'C8201-S'),
('MAT211', 'SETS', 9, 'Spring', 21, 2021, 'BC6009-S'),
('MAT211', 'SETS', 10, 'Autumn', 48, 2020, 'C8201-S'),
('MAT211', 'SETS', 10, 'Spring', 18, 2021, 'BC5014-S');
INSERT INTO `section_t` (`courseid`, `school_title`, `section_number`, `semester_name`, `std_enrolled`, `semester_year`, `room_id`) VALUES
('MAT211', 'SETS', 11, 'Autumn', 48, 2020, 'C8600-S'),
('MAT211T', 'SETS', 1, 'Autumn', 50, 2009, 'C8600-S'),
('MAT211T', 'SETS', 1, 'Autumn', 49, 2020, 'C8201-S'),
('MAT211T', 'SETS', 1, 'Spring', 44, 2020, 'C8201-S'),
('MAT211T', 'SETS', 1, 'Spring', 31, 2021, 'BC6008-S'),
('MAT211T', 'SETS', 1, 'Summer', 29, 2009, 'C8601-S'),
('MAT211T', 'SETS', 1, 'Summer', 34, 2020, 'C8201-S'),
('MAT211T', 'SETS', 1, 'Summer', 40, 2021, 'BC6013-S'),
('MAT211T', 'SETS', 2, 'Autumn', 46, 2009, 'C8600-S'),
('MAT211T', 'SETS', 2, 'Autumn', 50, 2020, 'C8201-S'),
('MAT211T', 'SETS', 2, 'Spring', 40, 2009, 'C10210-S'),
('MAT211T', 'SETS', 2, 'Spring', 44, 2020, 'C8201-S'),
('MAT211T', 'SETS', 2, 'Spring', 37, 2021, 'BC2009-S'),
('MAT211T', 'SETS', 2, 'Summer', 29, 2009, 'C8205-S'),
('MAT211T', 'SETS', 2, 'Summer', 29, 2020, 'C8201-S'),
('MAT211T', 'SETS', 2, 'Summer', 0, 2021, 'BC4011-S'),
('MAT211T', 'SETS', 3, 'Autumn', 45, 2009, 'C8201-S'),
('MAT211T', 'SETS', 3, 'Autumn', 49, 2020, 'C8201-S'),
('MAT211T', 'SETS', 3, 'Spring', 37, 2009, 'C10210-S'),
('MAT211T', 'SETS', 3, 'Spring', 39, 2020, 'C8600-S'),
('MAT211T', 'SETS', 3, 'Spring', 39, 2021, 'BC6008-S'),
('MAT211T', 'SETS', 3, 'Summer', 9, 2009, 'C8601-S'),
('MAT211T', 'SETS', 3, 'Summer', 36, 2020, 'C8601-S'),
('MAT211T', 'SETS', 3, 'Summer', 39, 2021, 'BC6007-S'),
('MAT211T', 'SETS', 4, 'Autumn', 47, 2009, 'C8205-S'),
('MAT211T', 'SETS', 4, 'Autumn', 49, 2020, 'C10210-S'),
('MAT211T', 'SETS', 4, 'Spring', 35, 2009, 'C10210-S'),
('MAT211T', 'SETS', 4, 'Spring', 46, 2020, 'C8201-S'),
('MAT211T', 'SETS', 4, 'Spring', 37, 2021, 'BC5012-S'),
('MAT211T', 'SETS', 5, 'Autumn', 48, 2009, 'C8600-S'),
('MAT211T', 'SETS', 5, 'Autumn', 44, 2020, 'C8201-S'),
('MAT211T', 'SETS', 5, 'Spring', 24, 2009, 'C10210-S'),
('MAT211T', 'SETS', 5, 'Spring', 40, 2020, 'C8201-S'),
('MAT211T', 'SETS', 5, 'Spring', 41, 2021, 'BC6009-S'),
('MAT211T', 'SETS', 6, 'Autumn', 49, 2009, 'C8601-S'),
('MAT211T', 'SETS', 6, 'Autumn', 51, 2020, 'C8600-S'),
('MAT211T', 'SETS', 6, 'Spring', 40, 2009, 'C10210-S'),
('MAT211T', 'SETS', 6, 'Spring', 41, 2020, 'C8201-S'),
('MAT211T', 'SETS', 6, 'Spring', 40, 2021, 'BC5012-S'),
('MAT211T', 'SETS', 7, 'Autumn', 39, 2009, 'C8201-S'),
('MAT211T', 'SETS', 7, 'Autumn', 49, 2020, 'C8201-S'),
('MAT211T', 'SETS', 7, 'Spring', 28, 2009, 'C10210-S'),
('MAT211T', 'SETS', 7, 'Spring', 46, 2020, 'C8505-S'),
('MAT211T', 'SETS', 7, 'Spring', 38, 2021, 'BC5012-S'),
('MAT211T', 'SETS', 8, 'Autumn', 49, 2020, 'C8201-S'),
('MAT211T', 'SETS', 8, 'Spring', 32, 2009, 'C10210-S'),
('MAT211T', 'SETS', 8, 'Spring', 45, 2020, 'C8505-S'),
('MAT211T', 'SETS', 8, 'Spring', 40, 2021, 'BC6013-S'),
('MAT211T', 'SETS', 9, 'Autumn', 50, 2020, 'C8601-S'),
('MAT211T', 'SETS', 9, 'Spring', 21, 2021, 'BC6008-S'),
('MAT211T', 'SETS', 10, 'Autumn', 48, 2020, 'C8601-S'),
('MAT211T', 'SETS', 10, 'Spring', 18, 2021, 'BC6008-S'),
('MAT211T', 'SETS', 11, 'Autumn', 48, 2020, 'C10206-S'),
('MAT212', 'SETS', 1, 'Autumn', 46, 2009, 'C8505-S'),
('MAT212', 'SETS', 1, 'Autumn', 53, 2020, 'C8505-S'),
('MAT212', 'SETS', 1, 'Spring', 46, 2020, 'C8505-S'),
('MAT212', 'SETS', 1, 'Spring', 21, 2021, 'BC6007-S'),
('MAT212', 'SETS', 1, 'Summer', 11, 2021, 'BC2023-S'),
('MAT212', 'SETS', 2, 'Autumn', 47, 2020, 'C8506-S'),
('MAT212', 'SETS', 2, 'Spring', 37, 2021, 'BC6008-S'),
('MAT212T', 'SETS', 1, 'Autumn', 46, 2009, 'C8505-S'),
('MAT212T', 'SETS', 1, 'Autumn', 54, 2020, 'C8505-S'),
('MAT212T', 'SETS', 1, 'Spring', 46, 2020, 'C8505-S'),
('MAT212T', 'SETS', 1, 'Spring', 21, 2021, 'BC6007-S'),
('MAT212T', 'SETS', 1, 'Summer', 11, 2021, 'BC6008-S'),
('MAT212T', 'SETS', 2, 'Autumn', 46, 2020, 'C8505-S'),
('MAT212T', 'SETS', 2, 'Spring', 37, 2021, 'BC5013-S'),
('MAT251', 'SETS', 1, 'Autumn', 52, 2009, 'C8206-S'),
('MAT251', 'SETS', 1, 'Autumn', 10, 2020, 'C10320-S'),
('MAT251', 'SETS', 1, 'Spring', 26, 2020, 'C8201-S'),
('MAT251', 'SETS', 1, 'Spring', 39, 2021, 'BC6009-S'),
('MAT251', 'SETS', 1, 'Summer', 33, 2020, 'C10320-S'),
('MAT251', 'SETS', 1, 'Summer', 21, 2021, 'BC6009-S'),
('MAT251T', 'SETS', 1, 'Autumn', 52, 2009, 'C8201-S'),
('MAT251T', 'SETS', 1, 'Autumn', 10, 2020, 'C10320-S'),
('MAT251T', 'SETS', 1, 'Spring', 26, 2020, 'C8201-S'),
('MAT251T', 'SETS', 1, 'Spring', 39, 2021, 'BC5013-S'),
('MAT251T', 'SETS', 1, 'Summer', 33, 2020, 'C10320-S'),
('MAT251T', 'SETS', 1, 'Summer', 21, 2021, 'BC6009-S'),
('MAT303', 'SETS', 1, 'Autumn', 21, 2009, 'C8601-S'),
('MAT303', 'SETS', 1, 'Autumn', 37, 2020, 'C8601-S'),
('MAT303', 'SETS', 1, 'Spring', 42, 2020, 'C8505-S'),
('MAT303', 'SETS', 1, 'Spring', 25, 2021, 'BC6012-S'),
('MAT303', 'SETS', 1, 'Summer', 21, 2020, 'C8206-S'),
('MAT303', 'SETS', 1, 'Summer', 16, 2021, 'BC6009-S'),
('MAT303T', 'SETS', 1, 'Autumn', 21, 2009, 'C8601-S'),
('MAT303T', 'SETS', 1, 'Autumn', 37, 2020, 'C8601-S'),
('MAT303T', 'SETS', 1, 'Spring', 42, 2020, 'C8506-S'),
('MAT303T', 'SETS', 1, 'Spring', 25, 2021, 'BC6012-S'),
('MAT303T', 'SETS', 1, 'Summer', 21, 2020, 'P.Lab-S'),
('MAT303T', 'SETS', 1, 'Summer', 16, 2021, 'PLab-S'),
('MAT305', 'SETS', 1, 'Autumn', 28, 2009, 'C10206-S'),
('MAT305', 'SETS', 1, 'Autumn', 34, 2020, 'C8505-S'),
('MAT305', 'SETS', 1, 'Spring', 14, 2020, 'C8505-S'),
('MAT305', 'SETS', 1, 'Spring', 27, 2021, 'BC6007-S'),
('MAT305', 'SETS', 1, 'Summer', 18, 2020, 'C8505-S'),
('MAT305', 'SETS', 1, 'Summer', 1, 2021, 'PLab-S'),
('MAT305T', 'SETS', 1, 'Autumn', 28, 2009, 'C10206-S'),
('MAT305T', 'SETS', 1, 'Autumn', 34, 2020, 'C8505-S'),
('MAT305T', 'SETS', 1, 'Spring', 14, 2020, 'C8505-S'),
('MAT305T', 'SETS', 1, 'Spring', 27, 2021, 'BC6007-S'),
('MAT305T', 'SETS', 1, 'Summer', 18, 2020, 'C8304L-S'),
('MAT305T', 'SETS', 1, 'Summer', 1, 2021, 'PLab-S'),
('MAT407', 'SETS', 1, 'Autumn', 37, 2020, 'C10320-S'),
('MAT407', 'SETS', 1, 'Spring', 34, 2020, 'C10210-S'),
('MAT407', 'SETS', 1, 'Spring', 22, 2021, 'BC6012-S'),
('MAT407T', 'SETS', 1, 'Autumn', 37, 2020, 'C10320-S'),
('MAT407T', 'SETS', 1, 'Spring', 34, 2020, 'C10210-S'),
('MAT407T', 'SETS', 1, 'Spring', 22, 2021, 'BC6012-S'),
('MBA504', 'SBE', 2, 'Spring', 27, 2009, 'C10210-S'),
('MBA509', 'SBE', 2, 'Spring', 22, 2009, 'C10210-S'),
('MBA509', 'SBE', 3, 'Spring', 23, 2009, 'C10210-S'),
('MBA511', 'SBE', 2, 'Spring', 30, 2009, 'C10210-S'),
('MBA512', 'SBE', 2, 'Spring', 30, 2009, 'C10210-S'),
('MBA513', 'SBE', 2, 'Spring', 32, 2009, 'C10210-S'),
('MBA514', 'SBE', 2, 'Spring', 27, 2009, 'C10210-S'),
('MBA550', 'SBE', 2, 'Spring', 31, 2009, 'C10210-S'),
('MGT201', 'SBE', 1, 'Autumn', 61, 2009, 'C9502-S'),
('MGT201', 'SBE', 1, 'Autumn', 34, 2020, 'C9502-S'),
('MGT201', 'SBE', 1, 'Spring', 60, 2020, 'C9402-S'),
('MGT201', 'SBE', 1, 'Spring', 24, 2021, 'BC3012-S'),
('MGT201', 'SBE', 1, 'Summer', 61, 2009, 'C9302-S'),
('MGT201', 'SBE', 1, 'Summer', 11, 2020, 'C9402-S'),
('MGT201', 'SBE', 1, 'Summer', 33, 2021, 'BC2021-S'),
('MGT201', 'SBE', 2, 'Autumn', 49, 2009, 'C9502-S'),
('MGT201', 'SBE', 2, 'Autumn', 60, 2020, 'C9302-S'),
('MGT201', 'SBE', 2, 'Spring', 11, 2009, 'C10210-S'),
('MGT201', 'SBE', 2, 'Spring', 8, 2020, 'C9603-S'),
('MGT201', 'SBE', 2, 'Spring', 50, 2021, 'BC3010-S'),
('MGT201', 'SBE', 2, 'Summer', 11, 2020, 'C9602-S'),
('MGT201', 'SBE', 2, 'Summer', 41, 2021, 'BC3011-S'),
('MGT201', 'SBE', 3, 'Autumn', 0, 2009, 'C9402-S'),
('MGT201', 'SBE', 3, 'Autumn', 61, 2020, 'C9302-S'),
('MGT201', 'SBE', 3, 'Spring', 56, 2009, 'C10210-S'),
('MGT201', 'SBE', 3, 'Spring', 48, 2020, 'C9602-S'),
('MGT201', 'SBE', 3, 'Spring', 50, 2021, 'BC2020-S'),
('MGT201', 'SBE', 3, 'Summer', 10, 2021, 'BC4013-S'),
('MGT201', 'SBE', 4, 'Autumn', 28, 2009, 'C9402-S'),
('MGT201', 'SBE', 4, 'Spring', 28, 2020, 'C9501-S'),
('MGT201', 'SBE', 4, 'Spring', 28, 2021, 'BC3012-S'),
('MGT301', 'SBE', 1, 'Autumn', 12, 2009, 'C9301-S'),
('MGT301', 'SBE', 1, 'Autumn', 9, 2020, 'C9301-S'),
('MGT301', 'SBE', 1, 'Spring', 11, 2020, 'C9201-S'),
('MGT301', 'SBE', 1, 'Summer', 0, 2009, 'C9601-S'),
('MGT301', 'SBE', 1, 'Summer', 4, 2021, 'BC4014-S'),
('MGT330', 'SBE', 1, 'Autumn', 35, 2009, 'C9502-S'),
('MGT330', 'SBE', 1, 'Autumn', 15, 2020, 'C9402-S'),
('MGT330', 'SBE', 1, 'Spring', 40, 2020, 'C9601-S'),
('MGT330', 'SBE', 1, 'Spring', 38, 2021, 'BC2020-S'),
('MGT330', 'SBE', 1, 'Summer', 48, 2009, 'C9601-S'),
('MGT330', 'SBE', 1, 'Summer', 40, 2020, 'C9502-S'),
('MGT330', 'SBE', 1, 'Summer', 37, 2021, 'BC2022-S'),
('MGT330', 'SBE', 2, 'Autumn', 37, 2009, 'C9602-S'),
('MGT330', 'SBE', 2, 'Autumn', 41, 2020, 'C9603-S'),
('MGT330', 'SBE', 2, 'Spring', 33, 2009, 'C10210-S'),
('MGT330', 'SBE', 2, 'Spring', 49, 2020, 'C9401-S'),
('MGT330', 'SBE', 2, 'Spring', 35, 2021, 'BC3010-S'),
('MGT330', 'SBE', 2, 'Summer', 44, 2020, 'C9301-S'),
('MGT330', 'SBE', 2, 'Summer', 7, 2021, 'BC2013-S'),
('MGT330', 'SBE', 3, 'Autumn', 41, 2009, 'C9302-S'),
('MGT330', 'SBE', 3, 'Autumn', 32, 2020, 'C9301-S'),
('MGT330', 'SBE', 3, 'Spring', 41, 2009, 'C10210-S'),
('MGT330', 'SBE', 3, 'Spring', 60, 2020, 'C9502-S'),
('MGT330', 'SBE', 3, 'Spring', 45, 2021, 'BC2020-S'),
('MGT330', 'SBE', 3, 'Summer', 26, 2021, 'BC3011-S'),
('MGT330', 'SBE', 4, 'Autumn', 26, 2009, 'C9501-S'),
('MGT330', 'SBE', 4, 'Autumn', 51, 2020, 'C9601-S'),
('MGT330', 'SBE', 4, 'Spring', 22, 2009, 'C10210-S'),
('MGT330', 'SBE', 4, 'Spring', 0, 2020, 'C9201-S'),
('MGT330', 'SBE', 4, 'Spring', 27, 2021, 'BC4011-S'),
('MGT330', 'SBE', 5, 'Spring', 24, 2021, 'BC2021-S'),
('MGT340', 'SBE', 1, 'Autumn', 17, 2009, 'C9601-S'),
('MGT340', 'SBE', 1, 'Autumn', 20, 2020, 'C9601-S'),
('MGT340', 'SBE', 1, 'Spring', 11, 2020, 'C9301-S'),
('MGT340', 'SBE', 1, 'Spring', 13, 2021, 'BC3008-S'),
('MGT360', 'SBE', 2, 'Spring', 30, 2009, 'C10210-S'),
('MGT360', 'SBE', 3, 'Spring', 31, 2009, 'C10210-S'),
('MGT380', 'SBE', 1, 'Autumn', 0, 2009, 'C9201-S'),
('MGT390', 'SBE', 1, 'Autumn', 10, 2009, 'C9201-S'),
('MGT390', 'SBE', 1, 'Autumn', 7, 2020, 'C9601-S'),
('MGT390', 'SBE', 1, 'Spring', 10, 2020, 'C9201-S'),
('MGT390', 'SBE', 1, 'Spring', 6, 2021, 'BC3009-S'),
('MGT390', 'SBE', 1, 'Summer', 10, 2020, 'C9401-S'),
('MGT390', 'SBE', 1, 'Summer', 0, 2021, 'BC4011-S'),
('MGT401', 'SBE', 1, 'Autumn', 34, 2009, 'C9201-S'),
('MGT401', 'SBE', 1, 'Autumn', 12, 2020, 'C9601-S'),
('MGT401', 'SBE', 1, 'Spring', 6, 2021, 'BC2021-S'),
('MGT401', 'SBE', 1, 'Summer', 1, 2021, 'BC9017-S'),
('MGT405', 'SBE', 1, 'Autumn', 17, 2009, 'C9201-S'),
('MGT405', 'SBE', 1, 'Autumn', 13, 2020, 'C9401-S'),
('MGT405', 'SBE', 1, 'Spring', 18, 2020, 'C9401-S'),
('MGT405', 'SBE', 1, 'Spring', 9, 2021, 'BC3010-S'),
('MGT405', 'SBE', 1, 'Summer', 0, 2021, 'BC3010-S'),
('MGT450', 'SBE', 1, 'Autumn', 0, 2020, 'C9201-S'),
('MGT450', 'SBE', 1, 'Spring', 10, 2020, 'C9301-S'),
('MGT480', 'SBE', 1, 'Spring', 23, 2020, 'C9201-S'),
('MGT490', 'SBE', 1, 'Autumn', 45, 2009, 'C9601-S'),
('MGT490', 'SBE', 1, 'Autumn', 37, 2020, 'C9602-S'),
('MGT490', 'SBE', 1, 'Spring', 22, 2020, 'C9603-S'),
('MGT490', 'SBE', 1, 'Spring', 22, 2021, 'BC2021-S'),
('MGT490', 'SBE', 1, 'Summer', 44, 2009, 'C9302-S'),
('MGT490', 'SBE', 1, 'Summer', 19, 2020, 'C9401-S'),
('MGT490', 'SBE', 1, 'Summer', 27, 2021, 'BC2023-S'),
('MGT490', 'SBE', 2, 'Autumn', 36, 2009, 'C9501-S'),
('MGT490', 'SBE', 2, 'Autumn', 19, 2020, 'C9401-S'),
('MGT490', 'SBE', 2, 'Spring', 20, 2009, 'C10210-S'),
('MGT490', 'SBE', 2, 'Spring', 0, 2020, 'C9402-S'),
('MGT490', 'SBE', 2, 'Spring', 52, 2021, 'BC2021-S'),
('MGT490', 'SBE', 2, 'Summer', 24, 2021, 'BC4013-S'),
('MGT490', 'SBE', 3, 'Autumn', 50, 2009, 'C9401-S'),
('MGT490', 'SBE', 3, 'Autumn', 48, 2020, 'C9401-S'),
('MGT490', 'SBE', 3, 'Spring', 32, 2009, 'C10210-S'),
('MGT490', 'SBE', 3, 'Spring', 61, 2020, 'C9602-S'),
('MGT490', 'SBE', 3, 'Spring', 21, 2021, 'BC3011-S'),
('MGT490', 'SBE', 4, 'Spring', 49, 2020, 'C9501-S'),
('MGT490', 'SBE', 4, 'Spring', 51, 2021, 'BC2012-S'),
('MIS405', 'SBE', 1, 'Autumn', 0, 2020, 'P.Lab-S'),
('MIS405', 'SBE', 1, 'Spring', 3, 2021, 'BC2022-S'),
('MIS430', 'SBE', 1, 'Autumn', 3, 2020, 'C9201-S'),
('MIS442', 'SBE', 1, 'Autumn', 20, 2009, 'C9602-S'),
('MIS442', 'SBE', 1, 'Autumn', 40, 2020, 'C9602-S'),
('MIS442', 'SBE', 1, 'Spring', 59, 2020, 'C9502-S'),
('MIS442', 'SBE', 1, 'Spring', 44, 2021, 'BC3012-S'),
('MIS442', 'SBE', 1, 'Summer', 33, 2009, 'C9602-S'),
('MIS442', 'SBE', 1, 'Summer', 28, 2020, 'C9502-S'),
('MIS442', 'SBE', 1, 'Summer', 20, 2021, 'BC3009-S'),
('MIS442', 'SBE', 2, 'Autumn', 43, 2009, 'C9302-S'),
('MIS442', 'SBE', 2, 'Autumn', 20, 2020, 'C9502-S'),
('MIS442', 'SBE', 2, 'Spring', 42, 2009, 'C10210-S'),
('MIS442', 'SBE', 2, 'Spring', 35, 2020, 'C9601-S'),
('MIS442', 'SBE', 2, 'Spring', 27, 2021, 'BC3011-S'),
('MIS442', 'SBE', 2, 'Summer', 45, 2021, 'BC2023-S'),
('MIS442', 'SBE', 3, 'Autumn', 60, 2009, 'C9602-S'),
('MIS442', 'SBE', 3, 'Autumn', 48, 2020, 'C9502-S'),
('MIS442', 'SBE', 3, 'Spring', 41, 2009, 'C10210-S'),
('MIS442', 'SBE', 3, 'Spring', 9, 2020, 'C9501-S'),
('MIS442', 'SBE', 3, 'Spring', 50, 2021, 'BC2021-S'),
('MIS442', 'SBE', 4, 'Autumn', 35, 2009, 'C9401-S'),
('MIS442', 'SBE', 4, 'Autumn', 39, 2020, 'C9501-S'),
('MIS442', 'SBE', 4, 'Spring', 9, 2009, 'C10210-S'),
('MIS442', 'SBE', 4, 'Spring', 25, 2020, 'C9401-S'),
('MIS442', 'SBE', 4, 'Spring', 15, 2021, 'BC3010-S'),
('MKT201', 'SBE', 1, 'Autumn', 39, 2009, 'C9602-S'),
('MKT201', 'SBE', 1, 'Autumn', 38, 2020, 'C9602-S'),
('MKT201', 'SBE', 1, 'Spring', 60, 2020, 'C9602-S'),
('MKT201', 'SBE', 1, 'Spring', 51, 2021, 'BC2014-S'),
('MKT201', 'SBE', 1, 'Summer', 32, 2009, 'C9602-S'),
('MKT201', 'SBE', 1, 'Summer', 35, 2020, 'C9402-S'),
('MKT201', 'SBE', 1, 'Summer', 41, 2021, 'BC3008-S'),
('MKT201', 'SBE', 2, 'Autumn', 12, 2009, 'C9603-S'),
('MKT201', 'SBE', 2, 'Autumn', 60, 2020, 'C9402-S'),
('MKT201', 'SBE', 2, 'Spring', 13, 2009, 'C10210-S'),
('MKT201', 'SBE', 2, 'Spring', 17, 2020, 'C9601-S'),
('MKT201', 'SBE', 2, 'Spring', 46, 2021, 'BC3011-S'),
('MKT201', 'SBE', 2, 'Summer', 45, 2021, 'BC2020-S'),
('MKT201', 'SBE', 3, 'Autumn', 20, 2009, 'C9502-S'),
('MKT201', 'SBE', 3, 'Autumn', 10, 2020, 'C9602-S'),
('MKT201', 'SBE', 3, 'Spring', 17, 2009, 'C10210-S'),
('MKT201', 'SBE', 3, 'Spring', 21, 2020, 'C9502-S'),
('MKT201', 'SBE', 3, 'Spring', 47, 2021, 'BC2012-S'),
('MKT201', 'SBE', 3, 'Summer', 45, 2021, 'BC2012-S'),
('MKT201', 'SBE', 4, 'Autumn', 34, 2009, 'C9603-S'),
('MKT201', 'SBE', 4, 'Autumn', 60, 2020, 'C9402-S'),
('MKT201', 'SBE', 4, 'Spring', 47, 2020, 'C9301-S'),
('MKT201', 'SBE', 4, 'Spring', 30, 2021, 'BC2020-S'),
('MKT201', 'SBE', 5, 'Spring', 26, 2021, 'BC4014-S'),
('MKT302', 'SBE', 1, 'Autumn', 24, 2009, 'C9603-S'),
('MKT302', 'SBE', 1, 'Autumn', 36, 2020, 'C9302-S'),
('MKT302', 'SBE', 1, 'Spring', 33, 2020, 'C9501-S'),
('MKT302', 'SBE', 1, 'Spring', 28, 2021, 'BC2022-S'),
('MKT302', 'SBE', 1, 'Summer', 24, 2009, 'C9301-S'),
('MKT302', 'SBE', 1, 'Summer', 25, 2020, 'C9501-S'),
('MKT302', 'SBE', 1, 'Summer', 14, 2021, 'BC2013-S'),
('MKT302', 'SBE', 2, 'Autumn', 36, 2009, 'C9302-S'),
('MKT302', 'SBE', 2, 'Autumn', 40, 2020, 'C9603-S'),
('MKT302', 'SBE', 2, 'Spring', 34, 2009, 'C10210-S'),
('MKT302', 'SBE', 2, 'Spring', 24, 2020, 'C9603-S'),
('MKT302', 'SBE', 2, 'Spring', 19, 2021, 'BC3008-S'),
('MKT302', 'SBE', 2, 'Summer', 17, 2021, 'BC3010-S'),
('MKT302', 'SBE', 3, 'Autumn', 19, 2009, 'C9602-S'),
('MKT302', 'SBE', 3, 'Spring', 57, 2009, 'C10210-S'),
('MKT302', 'SBE', 3, 'Spring', 39, 2020, 'C9601-S'),
('MKT302', 'SBE', 3, 'Spring', 26, 2021, 'BC2022-S'),
('MKT330', 'SBE', 1, 'Autumn', 1, 2020, 'C11303-S'),
('MKT340', 'SBE', 1, 'Autumn', 21, 2009, 'C9401-S'),
('MKT340', 'SBE', 1, 'Autumn', 26, 2020, 'C9603-S'),
('MKT340', 'SBE', 1, 'Spring', 23, 2020, 'C9302-S'),
('MKT340', 'SBE', 1, 'Spring', 34, 2021, 'BC3009-S'),
('MKT340', 'SBE', 1, 'Summer', 9, 2009, 'C9401-S'),
('MKT340', 'SBE', 1, 'Summer', 9, 2020, 'C9501-S'),
('MKT340', 'SBE', 1, 'Summer', 8, 2021, 'BC3009-S'),
('MKT340', 'SBE', 2, 'Autumn', 9, 2009, 'C9501-S'),
('MKT340', 'SBE', 2, 'Spring', 20, 2009, 'C10210-S'),
('MKT350', 'SBE', 1, 'Autumn', 18, 2009, 'C9602-S'),
('MKT350', 'SBE', 1, 'Autumn', 24, 2020, 'C9602-S'),
('MKT350', 'SBE', 1, 'Spring', 18, 2020, 'C9603-S'),
('MKT350', 'SBE', 1, 'Spring', 48, 2021, 'BC3012-S'),
('MKT350', 'SBE', 1, 'Summer', 10, 2020, 'C9601-S'),
('MKT350', 'SBE', 1, 'Summer', 15, 2021, 'BC2021-S'),
('MKT350', 'SBE', 2, 'Autumn', 12, 2009, 'C9402-S'),
('MKT360', 'SBE', 1, 'Autumn', 12, 2009, 'C9601-S'),
('MKT360', 'SBE', 1, 'Autumn', 10, 2020, 'C9301-S'),
('MKT360', 'SBE', 1, 'Spring', 14, 2020, 'C9601-S'),
('MKT380', 'SBE', 1, 'Autumn', 7, 2009, 'C9302-S'),
('MKT380', 'SBE', 1, 'Spring', 18, 2021, 'BC2012-S'),
('MKT380', 'SBE', 1, 'Summer', 27, 2020, 'C9301-S'),
('MKT380', 'SBE', 1, 'Summer', 14, 2021, 'BC7016-S'),
('MKT401', 'SBE', 1, 'Autumn', 23, 2009, 'C9601-S'),
('MKT401', 'SBE', 1, 'Autumn', 40, 2020, 'C9501-S'),
('MKT401', 'SBE', 1, 'Spring', 29, 2020, 'C9501-S'),
('MKT450', 'SBE', 1, 'Autumn', 12, 2009, 'C9301-S'),
('MKT450', 'SBE', 1, 'Summer', 21, 2009, 'C9201-S'),
('MKT450', 'SBE', 1, 'Summer', 13, 2020, 'C9601-S'),
('MKT470', 'SBE', 1, 'Autumn', 13, 2020, 'C9501-S'),
('MKT470', 'SBE', 1, 'Spring', 45, 2021, 'BC2023-S'),
('MKT481', 'SBE', 1, 'Autumn', 38, 2009, 'C9501-S'),
('MKT481', 'SBE', 1, 'Autumn', 29, 2020, 'C9302-S'),
('MKT481', 'SBE', 1, 'Spring', 29, 2020, 'C9603-S'),
('MKT481', 'SBE', 1, 'Spring', 21, 2021, 'BC2023-S'),
('MKT481', 'SBE', 1, 'Summer', 0, 2020, 'C9401-S'),
('MKT481', 'SBE', 1, 'Summer', 12, 2021, 'BC3009-S'),
('MKT481', 'SBE', 2, 'Autumn', 16, 2009, 'C9601-S'),
('MKT481', 'SBE', 2, 'Autumn', 0, 2020, 'C9301-S'),
('MUS101', 'SLASS', 1, 'Summer', 15, 2020, 'C11301-S'),
('MUS101', 'SLASS', 1, 'Summer', 40, 2021, 'BC2021-S'),
('NCH101', 'SLASS', 1, 'Autumn', 84, 2009, 'C5101-S'),
('NCH101', 'SLASS', 1, 'Autumn', 62, 2020, 'C9502-S'),
('NCH101', 'SLASS', 1, 'Spring', 73, 2020, 'C5101-S'),
('NCH101', 'SLASS', 1, 'Spring', 49, 2021, 'BC3008-S'),
('NCH101', 'SLASS', 1, 'Summer', 79, 2009, 'C5101-S'),
('NCH101', 'SLASS', 1, 'Summer', 78, 2020, 'C5101-S'),
('NCH101', 'SLASS', 2, 'Autumn', 85, 2009, 'C5101-S'),
('NCH101', 'SLASS', 2, 'Autumn', 60, 2020, 'C9603-S'),
('NCH101', 'SLASS', 2, 'Spring', 73, 2009, 'C10210-S'),
('NCH101', 'SLASS', 2, 'Spring', 75, 2020, 'C5101-S'),
('NCH101', 'SLASS', 2, 'Spring', 50, 2021, 'BC2021-S'),
('NCH101', 'SLASS', 3, 'Spring', 45, 2021, 'BC2013-S'),
('PHY101', 'SETS', 1, 'Autumn', 29, 2009, 'C10206-S'),
('PHY101', 'SETS', 1, 'Autumn', 28, 2020, 'C10206-S'),
('PHY101', 'SETS', 1, 'Spring', 34, 2020, 'C10206-S'),
('PHY101', 'SETS', 1, 'Spring', 40, 2021, 'BC6007-S'),
('PHY101', 'SETS', 1, 'Summer', 12, 2009, 'C10210-S'),
('PHY101', 'SETS', 1, 'Summer', 9, 2020, 'C10320-S'),
('PHY101', 'SETS', 1, 'Summer', 19, 2021, 'BC6008-S'),
('PHY101', 'SETS', 2, 'Autumn', 18, 2009, 'C10210-S'),
('PHY101', 'SETS', 2, 'Autumn', 19, 2020, 'C10210-S'),
('PHY101', 'SETS', 2, 'Spring', 31, 2009, 'C10210-S'),
('PHY101', 'SETS', 2, 'Spring', 34, 2020, 'C10210-S'),
('PHY101', 'SETS', 2, 'Spring', 40, 2021, 'BC6012-S'),
('PHY101', 'SETS', 3, 'Autumn', 29, 2009, 'C10210-S'),
('PHY101', 'SETS', 3, 'Autumn', 12, 2020, 'C10210-S'),
('PHY101', 'SETS', 3, 'Spring', 39, 2020, 'C8600-S'),
('PHY101', 'SETS', 3, 'Spring', 40, 2021, 'BC2021-S'),
('PHY101L', 'SETS', 1, 'Autumn', 26, 2009, 'P.Lab-S'),
('PHY101L', 'SETS', 1, 'Autumn', 25, 2020, 'P.Lab-S'),
('PHY101L', 'SETS', 1, 'Spring', 24, 2020, 'P.Lab-S'),
('PHY101L', 'SETS', 1, 'Spring', 22, 2021, 'PLab-S'),
('PHY101L', 'SETS', 1, 'Summer', 10, 2009, 'P.Lab-S'),
('PHY101L', 'SETS', 1, 'Summer', 9, 2020, 'P.Lab-S'),
('PHY101L', 'SETS', 1, 'Summer', 12, 2021, 'PLab-S'),
('PHY101L', 'SETS', 2, 'Autumn', 24, 2009, 'P.Lab-S'),
('PHY101L', 'SETS', 2, 'Autumn', 21, 2020, 'P.Lab-S'),
('PHY101L', 'SETS', 2, 'Spring', 22, 2009, 'C10210-S'),
('PHY101L', 'SETS', 2, 'Spring', 22, 2020, 'P.Lab-S'),
('PHY101L', 'SETS', 2, 'Spring', 23, 2021, 'PLab-S'),
('PHY101L', 'SETS', 2, 'Summer', 4, 2009, 'P.Lab-S'),
('PHY101L', 'SETS', 2, 'Summer', 4, 2020, 'P.Lab-S'),
('PHY101L', 'SETS', 2, 'Summer', 1, 2021, 'PLab-S'),
('PHY101L', 'SETS', 3, 'Autumn', 26, 2009, 'P.Lab-S'),
('PHY101L', 'SETS', 3, 'Autumn', 14, 2020, 'P.Lab-S'),
('PHY101L', 'SETS', 3, 'Spring', 14, 2009, 'C10210-S'),
('PHY101L', 'SETS', 3, 'Spring', 28, 2020, 'P.Lab-S'),
('PHY101L', 'SETS', 3, 'Spring', 25, 2021, 'PLab-S'),
('PHY101L', 'SETS', 4, 'Spring', 18, 2020, 'P.Lab-S'),
('PHY101L', 'SETS', 4, 'Spring', 25, 2021, 'PLab-S'),
('PHY101L', 'SETS', 5, 'Spring', 12, 2020, 'P.Lab-S'),
('PHY101L', 'SETS', 5, 'Spring', 22, 2021, 'PLab-S'),
('PHY102', 'SETS', 1, 'Autumn', 30, 2009, 'C10320-S'),
('PHY102', 'SETS', 1, 'Autumn', 23, 2020, 'C10206-S'),
('PHY102', 'SETS', 1, 'Spring', 31, 2020, 'C10320-S'),
('PHY102', 'SETS', 1, 'Spring', 24, 2021, 'BC4010-S'),
('PHY102', 'SETS', 1, 'Summer', 15, 2021, 'BC6012-S'),
('PHY102', 'SETS', 2, 'Autumn', 10, 2009, 'C10206-S'),
('PHY102', 'SETS', 2, 'Autumn', 23, 2020, 'C10320-S'),
('PHY102', 'SETS', 2, 'Spring', 17, 2009, 'C10210-S'),
('PHY102', 'SETS', 2, 'Spring', 13, 2020, 'C10206-S'),
('PHY102', 'SETS', 2, 'Spring', 23, 2021, 'BC6013-S'),
('PHY102L', 'SETS', 1, 'Autumn', 21, 2009, 'P.Lab-S'),
('PHY102L', 'SETS', 1, 'Autumn', 18, 2020, 'P.Lab-S'),
('PHY102L', 'SETS', 1, 'Spring', 22, 2020, 'P.Lab-S'),
('PHY102L', 'SETS', 1, 'Spring', 18, 2021, 'PLab-S'),
('PHY102L', 'SETS', 1, 'Summer', 8, 2021, 'PLab-S'),
('PHY102L', 'SETS', 2, 'Autumn', 14, 2009, 'P.Lab-S'),
('PHY102L', 'SETS', 2, 'Autumn', 20, 2020, 'P.Lab-S'),
('PHY102L', 'SETS', 2, 'Spring', 16, 2009, 'C10210-S'),
('PHY102L', 'SETS', 2, 'Spring', 21, 2020, 'P.Lab-S'),
('PHY102L', 'SETS', 2, 'Spring', 21, 2021, 'PLab-S'),
('PHY102L', 'SETS', 3, 'Autumn', 7, 2020, 'P.Lab-S'),
('PHY102L', 'SETS', 3, 'Spring', 0, 2021, 'PLab-S'),
('PHY201', 'SETS', 1, 'Autumn', 33, 2009, 'C10320-S'),
('PHY201', 'SETS', 1, 'Autumn', 40, 2020, 'C10206-S'),
('PHY201', 'SETS', 1, 'Spring', 33, 2020, 'C10320-S'),
('PHY201', 'SETS', 1, 'Spring', 46, 2021, 'BC5013-S'),
('PHY201', 'SETS', 2, 'Spring', 1, 2021, 'BC6013-S'),
('POP201', 'SELS', 1, 'Autumn', 0, 2009, 'C10210-S'),
('POP201', 'SELS', 1, 'Autumn', 6, 2020, 'C3201-S'),
('POP201', 'SELS', 1, 'Spring', 19, 2020, 'C3202-S'),
('POP201', 'SELS', 1, 'Spring', 4, 2021, 'BC2014-S'),
('POP301', 'SELS', 1, 'Autumn', 0, 2020, 'C3201-S'),
('POP305', 'SELS', 1, 'Autumn', 4, 2009, 'C3201-S'),
('POP305', 'SELS', 1, 'Spring', 4, 2020, 'C3202-S'),
('POP498', 'SELS', 1, 'Autumn', 0, 2020, 'C3308-S'),
('POP498', 'SELS', 1, 'Spring', 0, 2020, 'A5206-S'),
('POP499', 'SELS', 1, 'Autumn', 1, 2009, 'C3202-S'),
('POP499', 'SELS', 1, 'Autumn', 0, 2020, 'C3308-S'),
('POP499', 'SELS', 1, 'Spring', 0, 2020, 'A5206-S'),
('SOC101', 'SLASS', 1, 'Autumn', 22, 2009, 'C4411-S'),
('SOC101', 'SLASS', 1, 'Autumn', 24, 2020, 'C4406-S'),
('SOC101', 'SLASS', 1, 'Spring', 23, 2020, 'C4306-S'),
('SOC101', 'SLASS', 1, 'Spring', 50, 2021, 'BC2022-S'),
('SOC101', 'SLASS', 1, 'Summer', 9, 2009, 'C4411-S'),
('SOC101', 'SLASS', 1, 'Summer', 8, 2020, 'C4411-S'),
('SOC101', 'SLASS', 1, 'Summer', 48, 2021, 'BC6013-S'),
('SOC101', 'SLASS', 2, 'Autumn', 22, 2009, 'C11401-S'),
('SOC101', 'SLASS', 2, 'Autumn', 19, 2020, 'C4306-S'),
('SOC101', 'SLASS', 2, 'Spring', 26, 2009, 'C10210-S'),
('SOC101', 'SLASS', 2, 'Spring', 22, 2020, 'C11301-S'),
('SOC101', 'SLASS', 2, 'Spring', 36, 2021, 'BC3011-S'),
('SOC101', 'SLASS', 2, 'Summer', 8, 2009, 'C11401-S'),
('SOC101', 'SLASS', 2, 'Summer', 13, 2020, 'C4411-S'),
('SOC101', 'SLASS', 3, 'Autumn', 22, 2009, 'C11201-S'),
('SOC101', 'SLASS', 3, 'Autumn', 8, 2020, 'C4406-S'),
('SOC101', 'SLASS', 3, 'Spring', 14, 2009, 'C10210-S'),
('SOC101', 'SLASS', 3, 'Spring', 14, 2020, 'C4503-S'),
('SOC101', 'SLASS', 3, 'Summer', 11, 2009, 'C11301-S'),
('SOC101', 'SLASS', 3, 'Summer', 6, 2020, 'C4406-S'),
('SOC101', 'SLASS', 4, 'Autumn', 10, 2009, 'C11201-S'),
('SOC101', 'SLASS', 4, 'Autumn', 12, 2020, 'C11302-S'),
('SOC101', 'SLASS', 4, 'Spring', 14, 2009, 'C10210-S'),
('SOC101', 'SLASS', 5, 'Autumn', 1, 2009, 'C11202-S'),
('SOC101', 'SLASS', 5, 'Spring', 20, 2009, 'C10210-S'),
('SOC101', 'SLASS', 6, 'Spring', 21, 2009, 'C10210-S'),
('SOC202', 'SLASS', 1, 'Autumn', 11, 2009, 'C11301-S'),
('SOC202', 'SLASS', 1, 'Autumn', 18, 2020, 'C4502-S'),
('SOC202', 'SLASS', 1, 'Spring', 11, 2020, 'C8205-S'),
('SOC202', 'SLASS', 1, 'Spring', 10, 2021, 'BC2022-S'),
('SOC202', 'SLASS', 1, 'Summer', 0, 2021, 'BC7015-S'),
('SOC204', 'SLASS', 1, 'Autumn', 1, 2009, 'C4503-S'),
('SOC204', 'SLASS', 1, 'Autumn', 0, 2020, 'C9601-S'),
('SOC204', 'SLASS', 1, 'Spring', 0, 2020, 'C4503-S'),
('SOC204', 'SLASS', 1, 'Spring', 0, 2021, 'BC4012-S'),
('SOC207', 'SLASS', 1, 'Autumn', 2, 2009, 'C9201-S'),
('SOC207', 'SLASS', 1, 'Autumn', 0, 2020, 'C8506-S'),
('SOC207', 'SLASS', 1, 'Spring', 0, 2020, 'C11201-S'),
('SOC207', 'SLASS', 1, 'Spring', 0, 2021, 'BC2020-S'),
('SOC301', 'SLASS', 1, 'Autumn', 13, 2009, 'C8506-S'),
('SOC301', 'SLASS', 1, 'Spring', 10, 2020, 'C9501-S'),
('SOC301', 'SLASS', 1, 'Spring', 4, 2021, 'BC3011-S'),
('SOC301', 'SLASS', 1, 'Summer', 5, 2020, 'C4306-S'),
('SOC303', 'SLASS', 1, 'Autumn', 2, 2009, 'C11401-S'),
('SOC303', 'SLASS', 1, 'Spring', 1, 2020, 'C11301-S'),
('SOC303', 'SLASS', 1, 'Spring', 2, 2021, 'BC4013-S'),
('SOC307', 'SLASS', 1, 'Autumn', 3, 2009, 'C11301-S'),
('SOC307', 'SLASS', 1, 'Spring', 1, 2021, 'BC4010-S');

-- --------------------------------------------------------

--
-- Table structure for table `semester_t`
--

CREATE TABLE `semester_t` (
  `semester_name` varchar(6) NOT NULL,
  `semester_year` int(4) NOT NULL
) ENGINE=InnoDB DEFAULT CHARSET=utf8mb4;

--
-- Dumping data for table `semester_t`
--

INSERT INTO `semester_t` (`semester_name`, `semester_year`) VALUES
('Autumn', 2009),
('Autumn', 2020),
('Autumn', 2021),
('Spring', 2009),
('Spring', 2020),
('Spring', 2021),
('Summer', 2009),
('Summer', 2020),
('Summer', 2021);

--
-- Indexes for dumped tables
--

--
-- Indexes for table `classroom_t`
--
ALTER TABLE `classroom_t`
  ADD PRIMARY KEY (`room_id`);

--
-- Indexes for table `course_t`
--
ALTER TABLE `course_t`
  ADD PRIMARY KEY (`courseid`),
  ADD KEY `school_title` (`school_title`);

--
-- Indexes for table `department_t`
--
ALTER TABLE `department_t`
  ADD PRIMARY KEY (`department_id`),
  ADD KEY `school_title` (`school_title`);

--
-- Indexes for table `school_t`
--
ALTER TABLE `school_t`
  ADD PRIMARY KEY (`school_title`,`scrial_number`);

--
-- Indexes for table `section_t`
--
ALTER TABLE `section_t`
  ADD PRIMARY KEY (`courseid`,`school_title`,`section_number`,`semester_name`,`semester_year`),
  ADD KEY `school_title` (`school_title`),
  ADD KEY `semester_name` (`semester_name`,`semester_year`),
  ADD KEY `room_id` (`room_id`);

--
-- Indexes for table `semester_t`
--
ALTER TABLE `semester_t`
  ADD PRIMARY KEY (`semester_name`,`semester_year`);

--
-- Constraints for dumped tables
--

--
-- Constraints for table `course_t`
--
ALTER TABLE `course_t`
  ADD CONSTRAINT `course_t_ibfk_1` FOREIGN KEY (`school_title`) REFERENCES `school_t` (`school_title`);

--
-- Constraints for table `department_t`
--
ALTER TABLE `department_t`
  ADD CONSTRAINT `department_t_ibfk_1` FOREIGN KEY (`school_title`) REFERENCES `school_t` (`school_title`);

--
-- Constraints for table `section_t`
--
ALTER TABLE `section_t`
  ADD CONSTRAINT `section_t_ibfk_1` FOREIGN KEY (`courseid`) REFERENCES `course_t` (`courseid`),
  ADD CONSTRAINT `section_t_ibfk_2` FOREIGN KEY (`school_title`) REFERENCES `school_t` (`school_title`),
  ADD CONSTRAINT `section_t_ibfk_3` FOREIGN KEY (`semester_name`,`semester_year`) REFERENCES `semester_t` (`semester_name`, `semester_year`),
  ADD CONSTRAINT `section_t_ibfk_4` FOREIGN KEY (`room_id`) REFERENCES `classroom_t` (`room_id`);
COMMIT;

/*!40101 SET CHARACTER_SET_CLIENT=@OLD_CHARACTER_SET_CLIENT */;
/*!40101 SET CHARACTER_SET_RESULTS=@OLD_CHARACTER_SET_RESULTS */;
/*!40101 SET COLLATION_CONNECTION=@OLD_COLLATION_CONNECTION */;
